text_content,label
"Click here for massive savings on your next purchase! Limited time offer, don't miss out! Link: http://deals.com/66446",1
I've attached the final report for the project. Please review it by end of day. (65),0
Just a reminder that your appointment is set for next Tuesday at 9:00 AM. (700),0
Just a reminder that your appointment is set for next Tuesday at 9:00 AM. (937),0
URGENT! Your bank account requires immediate verification. Click the link NOW: http://scam.link/45737 to avoid suspension. Reply STOP to opt out.,1
Just a reminder that your appointment is set for next Tuesday at 9:00 AM. (806),0
I've attached the final report for the project. Please review it by end of day. (426),0
"Click here for massive savings on your next purchase! Limited time offer, don't miss out! Link: http://deals.com/41852",1
I've attached the final report for the project. Please review it by end of day. (414),0
Just a reminder that your appointment is set for next Tuesday at 9:00 AM. (532),0
"Hi, can we reschedule our meeting to 3 PM tomorrow? Let me know if that works for you. (354)",0
URGENT! Your bank account requires immediate verification. Click the link NOW: http://scam.link/53541 to avoid suspension. Reply STOP to opt out.,1
"Hi, can we reschedule our meeting to 3 PM tomorrow? Let me know if that works for you. (518)",0
I've attached the final report for the project. Please review it by end of day. (188),0
"Hi, can we reschedule our meeting to 3 PM tomorrow? Let me know if that works for you. (497)",0
I've attached the final report for the project. Please review it by end of day. (855),0
URGENT! Your bank account requires immediate verification. Click the link NOW: http://scam.link/99613 to avoid suspension. Reply STOP to opt out.,1
URGENT! Your bank account requires immediate verification. Click the link NOW: http://scam.link/21002 to avoid suspension. Reply STOP to opt out.,1
"Click here for massive savings on your next purchase! Limited time offer, don't miss out! Link: http://deals.com/28037",1
"Click here for massive savings on your next purchase! Limited time offer, don't miss out! Link: http://deals.com/14798",1
Just a reminder that your appointment is set for next Tuesday at 9:00 AM. (135),0
URGENT! Your bank account requires immediate verification. Click the link NOW: http://scam.link/28745 to avoid suspension. Reply STOP to opt out.,1
I've attached the final report for the project. Please review it by end of day. (629),0
URGENT! Your bank account requires immediate verification. Click the link NOW: http://scam.link/70112 to avoid suspension. Reply STOP to opt out.,1
Just a reminder that your appointment is set for next Tuesday at 9:00 AM. (289),0
URGENT! Your bank account requires immediate verification. Click the link NOW: http://scam.link/85758 to avoid suspension. Reply STOP to opt out.,1
"Hi, can we reschedule our meeting to 3 PM tomorrow? Let me know if that works for you. (905)",0
"Click here for massive savings on your next purchase! Limited time offer, don't miss out! Link: http://deals.com/97163",1
URGENT! Your bank account requires immediate verification. Click the link NOW: http://scam.link/43039 to avoid suspension. Reply STOP to opt out.,1
"Click here for massive savings on your next purchase! Limited time offer, don't miss out! Link: http://deals.com/86743",1
"Click here for massive savings on your next purchase! Limited time offer, don't miss out! Link: http://deals.com/49666",1
"Hi, can we reschedule our meeting to 3 PM tomorrow? Let me know if that works for you. (1067)",0
URGENT! Your bank account requires immediate verification. Click the link NOW: http://scam.link/78011 to avoid suspension. Reply STOP to opt out.,1
"Hi, can we reschedule our meeting to 3 PM tomorrow? Let me know if that works for you. (415)",0
URGENT! Your bank account requires immediate verification. Click the link NOW: http://scam.link/65426 to avoid suspension. Reply STOP to opt out.,1
I've attached the final report for the project. Please review it by end of day. (607),0
"Click here for massive savings on your next purchase! Limited time offer, don't miss out! Link: http://deals.com/16540",1
"Hi, can we reschedule our meeting to 3 PM tomorrow? Let me know if that works for you. (1030)",0
I've attached the final report for the project. Please review it by end of day. (631),0
"Hi, can we reschedule our meeting to 3 PM tomorrow? Let me know if that works for you. (422)",0
I've attached the final report for the project. Please review it by end of day. (109),0
URGENT! Your bank account requires immediate verification. Click the link NOW: http://scam.link/90097 to avoid suspension. Reply STOP to opt out.,1
I've attached the final report for the project. Please review it by end of day. (111),0
I've attached the final report for the project. Please review it by end of day. (298),0
URGENT! Your bank account requires immediate verification. Click the link NOW: http://scam.link/60729 to avoid suspension. Reply STOP to opt out.,1
I've attached the final report for the project. Please review it by end of day. (173),0
"Hi, can we reschedule our meeting to 3 PM tomorrow? Let me know if that works for you. (303)",0
"Hi, can we reschedule our meeting to 3 PM tomorrow? Let me know if that works for you. (543)",0
"Click here for massive savings on your next purchase! Limited time offer, don't miss out! Link: http://deals.com/29623",1
"Click here for massive savings on your next purchase! Limited time offer, don't miss out! Link: http://deals.com/66503",1
"Hi, can we reschedule our meeting to 3 PM tomorrow? Let me know if that works for you. (480)",0
Just a reminder that your appointment is set for next Tuesday at 9:00 AM. (398),0
I've attached the final report for the project. Please review it by end of day. (1026),0
I've attached the final report for the project. Please review it by end of day. (941),0
Just a reminder that your appointment is set for next Tuesday at 9:00 AM. (439),0
Just a reminder that your appointment is set for next Tuesday at 9:00 AM. (834),0
"Click here for massive savings on your next purchase! Limited time offer, don't miss out! Link: http://deals.com/80910",1
URGENT! Your bank account requires immediate verification. Click the link NOW: http://scam.link/17710 to avoid suspension. Reply STOP to opt out.,1
URGENT! Your bank account requires immediate verification. Click the link NOW: http://scam.link/84813 to avoid suspension. Reply STOP to opt out.,1
URGENT! Your bank account requires immediate verification. Click the link NOW: http://scam.link/65915 to avoid suspension. Reply STOP to opt out.,1
Just a reminder that your appointment is set for next Tuesday at 9:00 AM. (29),0
URGENT! Your bank account requires immediate verification. Click the link NOW: http://scam.link/69792 to avoid suspension. Reply STOP to opt out.,1
"Hi, can we reschedule our meeting to 3 PM tomorrow? Let me know if that works for you. (974)",0
"Click here for massive savings on your next purchase! Limited time offer, don't miss out! Link: http://deals.com/33567",1
"Click here for massive savings on your next purchase! Limited time offer, don't miss out! Link: http://deals.com/98664",1
"Hi, can we reschedule our meeting to 3 PM tomorrow? Let me know if that works for you. (939)",0
Just a reminder that your appointment is set for next Tuesday at 9:00 AM. (352),0
"Click here for massive savings on your next purchase! Limited time offer, don't miss out! Link: http://deals.com/73230",1
"Click here for massive savings on your next purchase! Limited time offer, don't miss out! Link: http://deals.com/51157",1
"Click here for massive savings on your next purchase! Limited time offer, don't miss out! Link: http://deals.com/77263",1
URGENT! Your bank account requires immediate verification. Click the link NOW: http://scam.link/95751 to avoid suspension. Reply STOP to opt out.,1
URGENT! Your bank account requires immediate verification. Click the link NOW: http://scam.link/96988 to avoid suspension. Reply STOP to opt out.,1
Just a reminder that your appointment is set for next Tuesday at 9:00 AM. (70),0
Just a reminder that your appointment is set for next Tuesday at 9:00 AM. (596),0
I've attached the final report for the project. Please review it by end of day. (538),0
"Hi, can we reschedule our meeting to 3 PM tomorrow? Let me know if that works for you. (1073)",0
Just a reminder that your appointment is set for next Tuesday at 9:00 AM. (755),0
"Hi, can we reschedule our meeting to 3 PM tomorrow? Let me know if that works for you. (534)",0
I've attached the final report for the project. Please review it by end of day. (609),0
Just a reminder that your appointment is set for next Tuesday at 9:00 AM. (479),0
"Hi, can we reschedule our meeting to 3 PM tomorrow? Let me know if that works for you. (1023)",0
"Click here for massive savings on your next purchase! Limited time offer, don't miss out! Link: http://deals.com/18004",1
Just a reminder that your appointment is set for next Tuesday at 9:00 AM. (736),0
I've attached the final report for the project. Please review it by end of day. (845),0
URGENT! Your bank account requires immediate verification. Click the link NOW: http://scam.link/70461 to avoid suspension. Reply STOP to opt out.,1
Just a reminder that your appointment is set for next Tuesday at 9:00 AM. (593),0
URGENT! Your bank account requires immediate verification. Click the link NOW: http://scam.link/43130 to avoid suspension. Reply STOP to opt out.,1
I've attached the final report for the project. Please review it by end of day. (23),0
I've attached the final report for the project. Please review it by end of day. (682),0
I've attached the final report for the project. Please review it by end of day. (471),0
"Click here for massive savings on your next purchase! Limited time offer, don't miss out! Link: http://deals.com/47573",1
"Hi, can we reschedule our meeting to 3 PM tomorrow? Let me know if that works for you. (275)",0
"Click here for massive savings on your next purchase! Limited time offer, don't miss out! Link: http://deals.com/30095",1
URGENT! Your bank account requires immediate verification. Click the link NOW: http://scam.link/41910 to avoid suspension. Reply STOP to opt out.,1
"Hi, can we reschedule our meeting to 3 PM tomorrow? Let me know if that works for you. (849)",0
"Hi, can we reschedule our meeting to 3 PM tomorrow? Let me know if that works for you. (1057)",0
URGENT! Your bank account requires immediate verification. Click the link NOW: http://scam.link/95667 to avoid suspension. Reply STOP to opt out.,1
"Hi, can we reschedule our meeting to 3 PM tomorrow? Let me know if that works for you. (270)",0
"Click here for massive savings on your next purchase! Limited time offer, don't miss out! Link: http://deals.com/78577",1
"Click here for massive savings on your next purchase! Limited time offer, don't miss out! Link: http://deals.com/78836",1
Just a reminder that your appointment is set for next Tuesday at 9:00 AM. (873),0
URGENT! Your bank account requires immediate verification. Click the link NOW: http://scam.link/25048 to avoid suspension. Reply STOP to opt out.,1
"Hi, can we reschedule our meeting to 3 PM tomorrow? Let me know if that works for you. (952)",0
URGENT! Your bank account requires immediate verification. Click the link NOW: http://scam.link/52828 to avoid suspension. Reply STOP to opt out.,1
"Hi, can we reschedule our meeting to 3 PM tomorrow? Let me know if that works for you. (744)",0
Just a reminder that your appointment is set for next Tuesday at 9:00 AM. (212),0
"Click here for massive savings on your next purchase! Limited time offer, don't miss out! Link: http://deals.com/61860",1
URGENT! Your bank account requires immediate verification. Click the link NOW: http://scam.link/97969 to avoid suspension. Reply STOP to opt out.,1
Just a reminder that your appointment is set for next Tuesday at 9:00 AM. (861),0
"Hi, can we reschedule our meeting to 3 PM tomorrow? Let me know if that works for you. (210)",0
"Hi, can we reschedule our meeting to 3 PM tomorrow? Let me know if that works for you. (585)",0
"Hi, can we reschedule our meeting to 3 PM tomorrow? Let me know if that works for you. (344)",0
"Click here for massive savings on your next purchase! Limited time offer, don't miss out! Link: http://deals.com/87236",1
"Click here for massive savings on your next purchase! Limited time offer, don't miss out! Link: http://deals.com/88112",1
"Click here for massive savings on your next purchase! Limited time offer, don't miss out! Link: http://deals.com/91437",1
Just a reminder that your appointment is set for next Tuesday at 9:00 AM. (247),0
"Hi, can we reschedule our meeting to 3 PM tomorrow? Let me know if that works for you. (857)",0
Just a reminder that your appointment is set for next Tuesday at 9:00 AM. (669),0
I've attached the final report for the project. Please review it by end of day. (561),0
URGENT! Your bank account requires immediate verification. Click the link NOW: http://scam.link/66526 to avoid suspension. Reply STOP to opt out.,1
I've attached the final report for the project. Please review it by end of day. (411),0
"Hi, can we reschedule our meeting to 3 PM tomorrow? Let me know if that works for you. (602)",0
I've attached the final report for the project. Please review it by end of day. (115),0
URGENT! Your bank account requires immediate verification. Click the link NOW: http://scam.link/61631 to avoid suspension. Reply STOP to opt out.,1
URGENT! Your bank account requires immediate verification. Click the link NOW: http://scam.link/17287 to avoid suspension. Reply STOP to opt out.,1
I've attached the final report for the project. Please review it by end of day. (754),0
URGENT! Your bank account requires immediate verification. Click the link NOW: http://scam.link/25379 to avoid suspension. Reply STOP to opt out.,1
Just a reminder that your appointment is set for next Tuesday at 9:00 AM. (1000),0
Just a reminder that your appointment is set for next Tuesday at 9:00 AM. (590),0
URGENT! Your bank account requires immediate verification. Click the link NOW: http://scam.link/34070 to avoid suspension. Reply STOP to opt out.,1
"Click here for massive savings on your next purchase! Limited time offer, don't miss out! Link: http://deals.com/25313",1
Just a reminder that your appointment is set for next Tuesday at 9:00 AM. (251),0
I've attached the final report for the project. Please review it by end of day. (1084),0
Just a reminder that your appointment is set for next Tuesday at 9:00 AM. (239),0
Just a reminder that your appointment is set for next Tuesday at 9:00 AM. (588),0
Just a reminder that your appointment is set for next Tuesday at 9:00 AM. (931),0
URGENT! Your bank account requires immediate verification. Click the link NOW: http://scam.link/58244 to avoid suspension. Reply STOP to opt out.,1
URGENT! Your bank account requires immediate verification. Click the link NOW: http://scam.link/36819 to avoid suspension. Reply STOP to opt out.,1
URGENT! Your bank account requires immediate verification. Click the link NOW: http://scam.link/43174 to avoid suspension. Reply STOP to opt out.,1
"Click here for massive savings on your next purchase! Limited time offer, don't miss out! Link: http://deals.com/76707",1
Just a reminder that your appointment is set for next Tuesday at 9:00 AM. (124),0
URGENT! Your bank account requires immediate verification. Click the link NOW: http://scam.link/36512 to avoid suspension. Reply STOP to opt out.,1
I've attached the final report for the project. Please review it by end of day. (494),0
I've attached the final report for the project. Please review it by end of day. (49),0
Just a reminder that your appointment is set for next Tuesday at 9:00 AM. (1054),0
"Click here for massive savings on your next purchase! Limited time offer, don't miss out! Link: http://deals.com/31384",1
I've attached the final report for the project. Please review it by end of day. (704),0
I've attached the final report for the project. Please review it by end of day. (339),0
Just a reminder that your appointment is set for next Tuesday at 9:00 AM. (598),0
URGENT! Your bank account requires immediate verification. Click the link NOW: http://scam.link/72292 to avoid suspension. Reply STOP to opt out.,1
I've attached the final report for the project. Please review it by end of day. (483),0
I've attached the final report for the project. Please review it by end of day. (297),0
I've attached the final report for the project. Please review it by end of day. (322),0
I've attached the final report for the project. Please review it by end of day. (374),0
I've attached the final report for the project. Please review it by end of day. (305),0
URGENT! Your bank account requires immediate verification. Click the link NOW: http://scam.link/89676 to avoid suspension. Reply STOP to opt out.,1
"Hi, can we reschedule our meeting to 3 PM tomorrow? Let me know if that works for you. (986)",0
Just a reminder that your appointment is set for next Tuesday at 9:00 AM. (78),0
I've attached the final report for the project. Please review it by end of day. (237),0
I've attached the final report for the project. Please review it by end of day. (618),0
"Click here for massive savings on your next purchase! Limited time offer, don't miss out! Link: http://deals.com/36715",1
I've attached the final report for the project. Please review it by end of day. (73),0
"Hi, can we reschedule our meeting to 3 PM tomorrow? Let me know if that works for you. (351)",0
"Hi, can we reschedule our meeting to 3 PM tomorrow? Let me know if that works for you. (69)",0
I've attached the final report for the project. Please review it by end of day. (162),0
Just a reminder that your appointment is set for next Tuesday at 9:00 AM. (544),0
URGENT! Your bank account requires immediate verification. Click the link NOW: http://scam.link/82430 to avoid suspension. Reply STOP to opt out.,1
URGENT! Your bank account requires immediate verification. Click the link NOW: http://scam.link/13191 to avoid suspension. Reply STOP to opt out.,1
I've attached the final report for the project. Please review it by end of day. (978),0
"Click here for massive savings on your next purchase! Limited time offer, don't miss out! Link: http://deals.com/57064",1
"Click here for massive savings on your next purchase! Limited time offer, don't miss out! Link: http://deals.com/46041",1
I've attached the final report for the project. Please review it by end of day. (233),0
"Click here for massive savings on your next purchase! Limited time offer, don't miss out! Link: http://deals.com/41750",1
Just a reminder that your appointment is set for next Tuesday at 9:00 AM. (425),0
"Hi, can we reschedule our meeting to 3 PM tomorrow? Let me know if that works for you. (554)",0
Just a reminder that your appointment is set for next Tuesday at 9:00 AM. (979),0
I've attached the final report for the project. Please review it by end of day. (76),0
URGENT! Your bank account requires immediate verification. Click the link NOW: http://scam.link/86559 to avoid suspension. Reply STOP to opt out.,1
Just a reminder that your appointment is set for next Tuesday at 9:00 AM. (817),0
I've attached the final report for the project. Please review it by end of day. (365),0
Just a reminder that your appointment is set for next Tuesday at 9:00 AM. (614),0
"Hi, can we reschedule our meeting to 3 PM tomorrow? Let me know if that works for you. (332)",0
URGENT! Your bank account requires immediate verification. Click the link NOW: http://scam.link/79122 to avoid suspension. Reply STOP to opt out.,1
Just a reminder that your appointment is set for next Tuesday at 9:00 AM. (429),0
I've attached the final report for the project. Please review it by end of day. (203),0
"Hi, can we reschedule our meeting to 3 PM tomorrow? Let me know if that works for you. (774)",0
URGENT! Your bank account requires immediate verification. Click the link NOW: http://scam.link/95595 to avoid suspension. Reply STOP to opt out.,1
"Click here for massive savings on your next purchase! Limited time offer, don't miss out! Link: http://deals.com/33711",1
I've attached the final report for the project. Please review it by end of day. (679),0
I've attached the final report for the project. Please review it by end of day. (30),0
URGENT! Your bank account requires immediate verification. Click the link NOW: http://scam.link/47148 to avoid suspension. Reply STOP to opt out.,1
"Click here for massive savings on your next purchase! Limited time offer, don't miss out! Link: http://deals.com/66264",1
"Click here for massive savings on your next purchase! Limited time offer, don't miss out! Link: http://deals.com/97266",1
URGENT! Your bank account requires immediate verification. Click the link NOW: http://scam.link/66942 to avoid suspension. Reply STOP to opt out.,1
URGENT! Your bank account requires immediate verification. Click the link NOW: http://scam.link/10126 to avoid suspension. Reply STOP to opt out.,1
I've attached the final report for the project. Please review it by end of day. (1033),0
URGENT! Your bank account requires immediate verification. Click the link NOW: http://scam.link/25563 to avoid suspension. Reply STOP to opt out.,1
URGENT! Your bank account requires immediate verification. Click the link NOW: http://scam.link/33196 to avoid suspension. Reply STOP to opt out.,1
"Hi, can we reschedule our meeting to 3 PM tomorrow? Let me know if that works for you. (99)",0
URGENT! Your bank account requires immediate verification. Click the link NOW: http://scam.link/28133 to avoid suspension. Reply STOP to opt out.,1
I've attached the final report for the project. Please review it by end of day. (976),0
Just a reminder that your appointment is set for next Tuesday at 9:00 AM. (721),0
URGENT! Your bank account requires immediate verification. Click the link NOW: http://scam.link/40090 to avoid suspension. Reply STOP to opt out.,1
Just a reminder that your appointment is set for next Tuesday at 9:00 AM. (464),0
URGENT! Your bank account requires immediate verification. Click the link NOW: http://scam.link/17788 to avoid suspension. Reply STOP to opt out.,1
"Hi, can we reschedule our meeting to 3 PM tomorrow? Let me know if that works for you. (168)",0
"Hi, can we reschedule our meeting to 3 PM tomorrow? Let me know if that works for you. (946)",0
Just a reminder that your appointment is set for next Tuesday at 9:00 AM. (745),0
URGENT! Your bank account requires immediate verification. Click the link NOW: http://scam.link/59437 to avoid suspension. Reply STOP to opt out.,1
"Hi, can we reschedule our meeting to 3 PM tomorrow? Let me know if that works for you. (901)",0
"Click here for massive savings on your next purchase! Limited time offer, don't miss out! Link: http://deals.com/25036",1
I've attached the final report for the project. Please review it by end of day. (486),0
"Hi, can we reschedule our meeting to 3 PM tomorrow? Let me know if that works for you. (478)",0
"Hi, can we reschedule our meeting to 3 PM tomorrow? Let me know if that works for you. (548)",0
URGENT! Your bank account requires immediate verification. Click the link NOW: http://scam.link/70428 to avoid suspension. Reply STOP to opt out.,1
I've attached the final report for the project. Please review it by end of day. (32),0
"Click here for massive savings on your next purchase! Limited time offer, don't miss out! Link: http://deals.com/58320",1
"Click here for massive savings on your next purchase! Limited time offer, don't miss out! Link: http://deals.com/88617",1
"Hi, can we reschedule our meeting to 3 PM tomorrow? Let me know if that works for you. (220)",0
"Click here for massive savings on your next purchase! Limited time offer, don't miss out! Link: http://deals.com/22329",1
URGENT! Your bank account requires immediate verification. Click the link NOW: http://scam.link/53596 to avoid suspension. Reply STOP to opt out.,1
Just a reminder that your appointment is set for next Tuesday at 9:00 AM. (932),0
"Hi, can we reschedule our meeting to 3 PM tomorrow? Let me know if that works for you. (886)",0
"Hi, can we reschedule our meeting to 3 PM tomorrow? Let me know if that works for you. (185)",0
Just a reminder that your appointment is set for next Tuesday at 9:00 AM. (526),0
"Hi, can we reschedule our meeting to 3 PM tomorrow? Let me know if that works for you. (985)",0
URGENT! Your bank account requires immediate verification. Click the link NOW: http://scam.link/33874 to avoid suspension. Reply STOP to opt out.,1
URGENT! Your bank account requires immediate verification. Click the link NOW: http://scam.link/99099 to avoid suspension. Reply STOP to opt out.,1
"Hi, can we reschedule our meeting to 3 PM tomorrow? Let me know if that works for you. (44)",0
"Hi, can we reschedule our meeting to 3 PM tomorrow? Let me know if that works for you. (254)",0
"Click here for massive savings on your next purchase! Limited time offer, don't miss out! Link: http://deals.com/82240",1
"Click here for massive savings on your next purchase! Limited time offer, don't miss out! Link: http://deals.com/26478",1
Just a reminder that your appointment is set for next Tuesday at 9:00 AM. (324),0
Just a reminder that your appointment is set for next Tuesday at 9:00 AM. (196),0
URGENT! Your bank account requires immediate verification. Click the link NOW: http://scam.link/37490 to avoid suspension. Reply STOP to opt out.,1
"Click here for massive savings on your next purchase! Limited time offer, don't miss out! Link: http://deals.com/46914",1
I've attached the final report for the project. Please review it by end of day. (482),0
Just a reminder that your appointment is set for next Tuesday at 9:00 AM. (59),0
URGENT! Your bank account requires immediate verification. Click the link NOW: http://scam.link/21122 to avoid suspension. Reply STOP to opt out.,1
URGENT! Your bank account requires immediate verification. Click the link NOW: http://scam.link/36649 to avoid suspension. Reply STOP to opt out.,1
I've attached the final report for the project. Please review it by end of day. (316),0
"Click here for massive savings on your next purchase! Limited time offer, don't miss out! Link: http://deals.com/93369",1
URGENT! Your bank account requires immediate verification. Click the link NOW: http://scam.link/15109 to avoid suspension. Reply STOP to opt out.,1
I've attached the final report for the project. Please review it by end of day. (923),0
"Hi, can we reschedule our meeting to 3 PM tomorrow? Let me know if that works for you. (599)",0
"Click here for massive savings on your next purchase! Limited time offer, don't miss out! Link: http://deals.com/54139",1
"Hi, can we reschedule our meeting to 3 PM tomorrow? Let me know if that works for you. (743)",0
Just a reminder that your appointment is set for next Tuesday at 9:00 AM. (123),0
URGENT! Your bank account requires immediate verification. Click the link NOW: http://scam.link/84131 to avoid suspension. Reply STOP to opt out.,1
"Hi, can we reschedule our meeting to 3 PM tomorrow? Let me know if that works for you. (382)",0
"Hi, can we reschedule our meeting to 3 PM tomorrow? Let me know if that works for you. (450)",0
URGENT! Your bank account requires immediate verification. Click the link NOW: http://scam.link/27014 to avoid suspension. Reply STOP to opt out.,1
"Hi, can we reschedule our meeting to 3 PM tomorrow? Let me know if that works for you. (1079)",0
"Hi, can we reschedule our meeting to 3 PM tomorrow? Let me know if that works for you. (575)",0
"Hi, can we reschedule our meeting to 3 PM tomorrow? Let me know if that works for you. (839)",0
"Click here for massive savings on your next purchase! Limited time offer, don't miss out! Link: http://deals.com/78926",1
Just a reminder that your appointment is set for next Tuesday at 9:00 AM. (530),0
Just a reminder that your appointment is set for next Tuesday at 9:00 AM. (869),0
Just a reminder that your appointment is set for next Tuesday at 9:00 AM. (650),0
I've attached the final report for the project. Please review it by end of day. (987),0
Just a reminder that your appointment is set for next Tuesday at 9:00 AM. (371),0
"Click here for massive savings on your next purchase! Limited time offer, don't miss out! Link: http://deals.com/42174",1
"Click here for massive savings on your next purchase! Limited time offer, don't miss out! Link: http://deals.com/80017",1
URGENT! Your bank account requires immediate verification. Click the link NOW: http://scam.link/38228 to avoid suspension. Reply STOP to opt out.,1
"Hi, can we reschedule our meeting to 3 PM tomorrow? Let me know if that works for you. (506)",0
I've attached the final report for the project. Please review it by end of day. (67),0
"Click here for massive savings on your next purchase! Limited time offer, don't miss out! Link: http://deals.com/21302",1
URGENT! Your bank account requires immediate verification. Click the link NOW: http://scam.link/85932 to avoid suspension. Reply STOP to opt out.,1
"Click here for massive savings on your next purchase! Limited time offer, don't miss out! Link: http://deals.com/60108",1
"Click here for massive savings on your next purchase! Limited time offer, don't miss out! Link: http://deals.com/71413",1
"Hi, can we reschedule our meeting to 3 PM tomorrow? Let me know if that works for you. (767)",0
URGENT! Your bank account requires immediate verification. Click the link NOW: http://scam.link/69321 to avoid suspension. Reply STOP to opt out.,1
Just a reminder that your appointment is set for next Tuesday at 9:00 AM. (865),0
"Click here for massive savings on your next purchase! Limited time offer, don't miss out! Link: http://deals.com/74027",1
"Hi, can we reschedule our meeting to 3 PM tomorrow? Let me know if that works for you. (576)",0
Just a reminder that your appointment is set for next Tuesday at 9:00 AM. (307),0
"Hi, can we reschedule our meeting to 3 PM tomorrow? Let me know if that works for you. (1047)",0
URGENT! Your bank account requires immediate verification. Click the link NOW: http://scam.link/82099 to avoid suspension. Reply STOP to opt out.,1
URGENT! Your bank account requires immediate verification. Click the link NOW: http://scam.link/49882 to avoid suspension. Reply STOP to opt out.,1
URGENT! Your bank account requires immediate verification. Click the link NOW: http://scam.link/78619 to avoid suspension. Reply STOP to opt out.,1
I've attached the final report for the project. Please review it by end of day. (787),0
I've attached the final report for the project. Please review it by end of day. (366),0
I've attached the final report for the project. Please review it by end of day. (383),0
"Click here for massive savings on your next purchase! Limited time offer, don't miss out! Link: http://deals.com/56163",1
"Click here for massive savings on your next purchase! Limited time offer, don't miss out! Link: http://deals.com/23760",1
Just a reminder that your appointment is set for next Tuesday at 9:00 AM. (759),0
I've attached the final report for the project. Please review it by end of day. (261),0
Just a reminder that your appointment is set for next Tuesday at 9:00 AM. (798),0
"Hi, can we reschedule our meeting to 3 PM tomorrow? Let me know if that works for you. (240)",0
"Hi, can we reschedule our meeting to 3 PM tomorrow? Let me know if that works for you. (674)",0
I've attached the final report for the project. Please review it by end of day. (1049),0
"Hi, can we reschedule our meeting to 3 PM tomorrow? Let me know if that works for you. (948)",0
"Hi, can we reschedule our meeting to 3 PM tomorrow? Let me know if that works for you. (841)",0
Just a reminder that your appointment is set for next Tuesday at 9:00 AM. (610),0
URGENT! Your bank account requires immediate verification. Click the link NOW: http://scam.link/73437 to avoid suspension. Reply STOP to opt out.,1
I've attached the final report for the project. Please review it by end of day. (71),0
URGENT! Your bank account requires immediate verification. Click the link NOW: http://scam.link/58908 to avoid suspension. Reply STOP to opt out.,1
"Hi, can we reschedule our meeting to 3 PM tomorrow? Let me know if that works for you. (259)",0
"Hi, can we reschedule our meeting to 3 PM tomorrow? Let me know if that works for you. (51)",0
Just a reminder that your appointment is set for next Tuesday at 9:00 AM. (778),0
Just a reminder that your appointment is set for next Tuesday at 9:00 AM. (367),0
I've attached the final report for the project. Please review it by end of day. (535),0
URGENT! Your bank account requires immediate verification. Click the link NOW: http://scam.link/65761 to avoid suspension. Reply STOP to opt out.,1
Just a reminder that your appointment is set for next Tuesday at 9:00 AM. (582),0
"Hi, can we reschedule our meeting to 3 PM tomorrow? Let me know if that works for you. (331)",0
I've attached the final report for the project. Please review it by end of day. (453),0
URGENT! Your bank account requires immediate verification. Click the link NOW: http://scam.link/72539 to avoid suspension. Reply STOP to opt out.,1
URGENT! Your bank account requires immediate verification. Click the link NOW: http://scam.link/74309 to avoid suspension. Reply STOP to opt out.,1
"Click here for massive savings on your next purchase! Limited time offer, don't miss out! Link: http://deals.com/23230",1
I've attached the final report for the project. Please review it by end of day. (481),0
I've attached the final report for the project. Please review it by end of day. (807),0
Just a reminder that your appointment is set for next Tuesday at 9:00 AM. (408),0
Just a reminder that your appointment is set for next Tuesday at 9:00 AM. (730),0
"Click here for massive savings on your next purchase! Limited time offer, don't miss out! Link: http://deals.com/99899",1
URGENT! Your bank account requires immediate verification. Click the link NOW: http://scam.link/83384 to avoid suspension. Reply STOP to opt out.,1
I've attached the final report for the project. Please review it by end of day. (413),0
Just a reminder that your appointment is set for next Tuesday at 9:00 AM. (799),0
"Hi, can we reschedule our meeting to 3 PM tomorrow? Let me know if that works for you. (529)",0
Just a reminder that your appointment is set for next Tuesday at 9:00 AM. (141),0
"Hi, can we reschedule our meeting to 3 PM tomorrow? Let me know if that works for you. (917)",0
"Hi, can we reschedule our meeting to 3 PM tomorrow? Let me know if that works for you. (651)",0
URGENT! Your bank account requires immediate verification. Click the link NOW: http://scam.link/59812 to avoid suspension. Reply STOP to opt out.,1
Just a reminder that your appointment is set for next Tuesday at 9:00 AM. (381),0
Just a reminder that your appointment is set for next Tuesday at 9:00 AM. (438),0
URGENT! Your bank account requires immediate verification. Click the link NOW: http://scam.link/84055 to avoid suspension. Reply STOP to opt out.,1
I've attached the final report for the project. Please review it by end of day. (271),0
"Hi, can we reschedule our meeting to 3 PM tomorrow? Let me know if that works for you. (184)",0
"Click here for massive savings on your next purchase! Limited time offer, don't miss out! Link: http://deals.com/21190",1
"Hi, can we reschedule our meeting to 3 PM tomorrow? Let me know if that works for you. (244)",0
"Hi, can we reschedule our meeting to 3 PM tomorrow? Let me know if that works for you. (915)",0
URGENT! Your bank account requires immediate verification. Click the link NOW: http://scam.link/37598 to avoid suspension. Reply STOP to opt out.,1
"Hi, can we reschedule our meeting to 3 PM tomorrow? Let me know if that works for you. (677)",0
Just a reminder that your appointment is set for next Tuesday at 9:00 AM. (350),0
Just a reminder that your appointment is set for next Tuesday at 9:00 AM. (342),0
URGENT! Your bank account requires immediate verification. Click the link NOW: http://scam.link/99906 to avoid suspension. Reply STOP to opt out.,1
URGENT! Your bank account requires immediate verification. Click the link NOW: http://scam.link/37424 to avoid suspension. Reply STOP to opt out.,1
Just a reminder that your appointment is set for next Tuesday at 9:00 AM. (846),0
URGENT! Your bank account requires immediate verification. Click the link NOW: http://scam.link/59268 to avoid suspension. Reply STOP to opt out.,1
"Click here for massive savings on your next purchase! Limited time offer, don't miss out! Link: http://deals.com/77889",1
Just a reminder that your appointment is set for next Tuesday at 9:00 AM. (250),0
Just a reminder that your appointment is set for next Tuesday at 9:00 AM. (1089),0
"Click here for massive savings on your next purchase! Limited time offer, don't miss out! Link: http://deals.com/25358",1
"Hi, can we reschedule our meeting to 3 PM tomorrow? Let me know if that works for you. (859)",0
I've attached the final report for the project. Please review it by end of day. (942),0
Just a reminder that your appointment is set for next Tuesday at 9:00 AM. (707),0
Just a reminder that your appointment is set for next Tuesday at 9:00 AM. (998),0
"Hi, can we reschedule our meeting to 3 PM tomorrow? Let me know if that works for you. (670)",0
"Click here for massive savings on your next purchase! Limited time offer, don't miss out! Link: http://deals.com/19496",1
Just a reminder that your appointment is set for next Tuesday at 9:00 AM. (706),0
"Click here for massive savings on your next purchase! Limited time offer, don't miss out! Link: http://deals.com/98009",1
Just a reminder that your appointment is set for next Tuesday at 9:00 AM. (420),0
Just a reminder that your appointment is set for next Tuesday at 9:00 AM. (1001),0
I've attached the final report for the project. Please review it by end of day. (170),0
Just a reminder that your appointment is set for next Tuesday at 9:00 AM. (292),0
"Hi, can we reschedule our meeting to 3 PM tomorrow? Let me know if that works for you. (781)",0
URGENT! Your bank account requires immediate verification. Click the link NOW: http://scam.link/15626 to avoid suspension. Reply STOP to opt out.,1
Just a reminder that your appointment is set for next Tuesday at 9:00 AM. (300),0
URGENT! Your bank account requires immediate verification. Click the link NOW: http://scam.link/65718 to avoid suspension. Reply STOP to opt out.,1
I've attached the final report for the project. Please review it by end of day. (416),0
"Click here for massive savings on your next purchase! Limited time offer, don't miss out! Link: http://deals.com/23718",1
"Click here for massive savings on your next purchase! Limited time offer, don't miss out! Link: http://deals.com/67372",1
"Click here for massive savings on your next purchase! Limited time offer, don't miss out! Link: http://deals.com/28099",1
"Click here for massive savings on your next purchase! Limited time offer, don't miss out! Link: http://deals.com/91061",1
"Hi, can we reschedule our meeting to 3 PM tomorrow? Let me know if that works for you. (1043)",0
Just a reminder that your appointment is set for next Tuesday at 9:00 AM. (836),0
"Hi, can we reschedule our meeting to 3 PM tomorrow? Let me know if that works for you. (963)",0
"Hi, can we reschedule our meeting to 3 PM tomorrow? Let me know if that works for you. (394)",0
"Hi, can we reschedule our meeting to 3 PM tomorrow? Let me know if that works for you. (988)",0
Just a reminder that your appointment is set for next Tuesday at 9:00 AM. (570),0
"Hi, can we reschedule our meeting to 3 PM tomorrow? Let me know if that works for you. (175)",0
URGENT! Your bank account requires immediate verification. Click the link NOW: http://scam.link/35032 to avoid suspension. Reply STOP to opt out.,1
"Hi, can we reschedule our meeting to 3 PM tomorrow? Let me know if that works for you. (643)",0
"Hi, can we reschedule our meeting to 3 PM tomorrow? Let me know if that works for you. (552)",0
I've attached the final report for the project. Please review it by end of day. (495),0
Just a reminder that your appointment is set for next Tuesday at 9:00 AM. (334),0
URGENT! Your bank account requires immediate verification. Click the link NOW: http://scam.link/67134 to avoid suspension. Reply STOP to opt out.,1
Just a reminder that your appointment is set for next Tuesday at 9:00 AM. (844),0
"Click here for massive savings on your next purchase! Limited time offer, don't miss out! Link: http://deals.com/91835",1
"Hi, can we reschedule our meeting to 3 PM tomorrow? Let me know if that works for you. (462)",0
I've attached the final report for the project. Please review it by end of day. (198),0
"Hi, can we reschedule our meeting to 3 PM tomorrow? Let me know if that works for you. (15)",0
I've attached the final report for the project. Please review it by end of day. (265),0
URGENT! Your bank account requires immediate verification. Click the link NOW: http://scam.link/56851 to avoid suspension. Reply STOP to opt out.,1
"Hi, can we reschedule our meeting to 3 PM tomorrow? Let me know if that works for you. (694)",0
"Hi, can we reschedule our meeting to 3 PM tomorrow? Let me know if that works for you. (820)",0
I've attached the final report for the project. Please review it by end of day. (433),0
"Hi, can we reschedule our meeting to 3 PM tomorrow? Let me know if that works for you. (628)",0
URGENT! Your bank account requires immediate verification. Click the link NOW: http://scam.link/81895 to avoid suspension. Reply STOP to opt out.,1
"Hi, can we reschedule our meeting to 3 PM tomorrow? Let me know if that works for you. (903)",0
URGENT! Your bank account requires immediate verification. Click the link NOW: http://scam.link/67784 to avoid suspension. Reply STOP to opt out.,1
URGENT! Your bank account requires immediate verification. Click the link NOW: http://scam.link/11759 to avoid suspension. Reply STOP to opt out.,1
"Hi, can we reschedule our meeting to 3 PM tomorrow? Let me know if that works for you. (199)",0
I've attached the final report for the project. Please review it by end of day. (832),0
Just a reminder that your appointment is set for next Tuesday at 9:00 AM. (997),0
"Hi, can we reschedule our meeting to 3 PM tomorrow? Let me know if that works for you. (780)",0
URGENT! Your bank account requires immediate verification. Click the link NOW: http://scam.link/51755 to avoid suspension. Reply STOP to opt out.,1
URGENT! Your bank account requires immediate verification. Click the link NOW: http://scam.link/74484 to avoid suspension. Reply STOP to opt out.,1
URGENT! Your bank account requires immediate verification. Click the link NOW: http://scam.link/39856 to avoid suspension. Reply STOP to opt out.,1
"Click here for massive savings on your next purchase! Limited time offer, don't miss out! Link: http://deals.com/70500",1
Just a reminder that your appointment is set for next Tuesday at 9:00 AM. (701),0
URGENT! Your bank account requires immediate verification. Click the link NOW: http://scam.link/80984 to avoid suspension. Reply STOP to opt out.,1
URGENT! Your bank account requires immediate verification. Click the link NOW: http://scam.link/61047 to avoid suspension. Reply STOP to opt out.,1
URGENT! Your bank account requires immediate verification. Click the link NOW: http://scam.link/37788 to avoid suspension. Reply STOP to opt out.,1
"Click here for massive savings on your next purchase! Limited time offer, don't miss out! Link: http://deals.com/69052",1
"Hi, can we reschedule our meeting to 3 PM tomorrow? Let me know if that works for you. (310)",0
Just a reminder that your appointment is set for next Tuesday at 9:00 AM. (56),0
"Hi, can we reschedule our meeting to 3 PM tomorrow? Let me know if that works for you. (551)",0
"Hi, can we reschedule our meeting to 3 PM tomorrow? Let me know if that works for you. (427)",0
"Click here for massive savings on your next purchase! Limited time offer, don't miss out! Link: http://deals.com/75155",1
"Hi, can we reschedule our meeting to 3 PM tomorrow? Let me know if that works for you. (43)",0
Just a reminder that your appointment is set for next Tuesday at 9:00 AM. (100),0
"Hi, can we reschedule our meeting to 3 PM tomorrow? Let me know if that works for you. (274)",0
URGENT! Your bank account requires immediate verification. Click the link NOW: http://scam.link/34262 to avoid suspension. Reply STOP to opt out.,1
"Hi, can we reschedule our meeting to 3 PM tomorrow? Let me know if that works for you. (353)",0
Just a reminder that your appointment is set for next Tuesday at 9:00 AM. (101),0
"Hi, can we reschedule our meeting to 3 PM tomorrow? Let me know if that works for you. (792)",0
Just a reminder that your appointment is set for next Tuesday at 9:00 AM. (107),0
"Hi, can we reschedule our meeting to 3 PM tomorrow? Let me know if that works for you. (567)",0
URGENT! Your bank account requires immediate verification. Click the link NOW: http://scam.link/89151 to avoid suspension. Reply STOP to opt out.,1
I've attached the final report for the project. Please review it by end of day. (1052),0
"Click here for massive savings on your next purchase! Limited time offer, don't miss out! Link: http://deals.com/31727",1
URGENT! Your bank account requires immediate verification. Click the link NOW: http://scam.link/57614 to avoid suspension. Reply STOP to opt out.,1
URGENT! Your bank account requires immediate verification. Click the link NOW: http://scam.link/43572 to avoid suspension. Reply STOP to opt out.,1
I've attached the final report for the project. Please review it by end of day. (733),0
I've attached the final report for the project. Please review it by end of day. (982),0
"Click here for massive savings on your next purchase! Limited time offer, don't miss out! Link: http://deals.com/89111",1
Just a reminder that your appointment is set for next Tuesday at 9:00 AM. (128),0
URGENT! Your bank account requires immediate verification. Click the link NOW: http://scam.link/13797 to avoid suspension. Reply STOP to opt out.,1
URGENT! Your bank account requires immediate verification. Click the link NOW: http://scam.link/56479 to avoid suspension. Reply STOP to opt out.,1
"Hi, can we reschedule our meeting to 3 PM tomorrow? Let me know if that works for you. (432)",0
URGENT! Your bank account requires immediate verification. Click the link NOW: http://scam.link/43062 to avoid suspension. Reply STOP to opt out.,1
URGENT! Your bank account requires immediate verification. Click the link NOW: http://scam.link/16276 to avoid suspension. Reply STOP to opt out.,1
URGENT! Your bank account requires immediate verification. Click the link NOW: http://scam.link/33225 to avoid suspension. Reply STOP to opt out.,1
"Click here for massive savings on your next purchase! Limited time offer, don't miss out! Link: http://deals.com/36660",1
Just a reminder that your appointment is set for next Tuesday at 9:00 AM. (962),0
"Hi, can we reschedule our meeting to 3 PM tomorrow? Let me know if that works for you. (637)",0
"Hi, can we reschedule our meeting to 3 PM tomorrow? Let me know if that works for you. (557)",0
Just a reminder that your appointment is set for next Tuesday at 9:00 AM. (613),0
"Click here for massive savings on your next purchase! Limited time offer, don't miss out! Link: http://deals.com/31172",1
"Click here for massive savings on your next purchase! Limited time offer, don't miss out! Link: http://deals.com/58364",1
I've attached the final report for the project. Please review it by end of day. (1061),0
I've attached the final report for the project. Please review it by end of day. (711),0
URGENT! Your bank account requires immediate verification. Click the link NOW: http://scam.link/34217 to avoid suspension. Reply STOP to opt out.,1
URGENT! Your bank account requires immediate verification. Click the link NOW: http://scam.link/10281 to avoid suspension. Reply STOP to opt out.,1
Just a reminder that your appointment is set for next Tuesday at 9:00 AM. (405),0
"Click here for massive savings on your next purchase! Limited time offer, don't miss out! Link: http://deals.com/33499",1
"Click here for massive savings on your next purchase! Limited time offer, don't miss out! Link: http://deals.com/84069",1
"Click here for massive savings on your next purchase! Limited time offer, don't miss out! Link: http://deals.com/44157",1
"Click here for massive savings on your next purchase! Limited time offer, don't miss out! Link: http://deals.com/24472",1
"Click here for massive savings on your next purchase! Limited time offer, don't miss out! Link: http://deals.com/64093",1
I've attached the final report for the project. Please review it by end of day. (879),0
I've attached the final report for the project. Please review it by end of day. (226),0
"Hi, can we reschedule our meeting to 3 PM tomorrow? Let me know if that works for you. (231)",0
Just a reminder that your appointment is set for next Tuesday at 9:00 AM. (874),0
URGENT! Your bank account requires immediate verification. Click the link NOW: http://scam.link/39794 to avoid suspension. Reply STOP to opt out.,1
"Hi, can we reschedule our meeting to 3 PM tomorrow? Let me know if that works for you. (771)",0
I've attached the final report for the project. Please review it by end of day. (163),0
"Click here for massive savings on your next purchase! Limited time offer, don't miss out! Link: http://deals.com/90685",1
"Click here for massive savings on your next purchase! Limited time offer, don't miss out! Link: http://deals.com/66133",1
Just a reminder that your appointment is set for next Tuesday at 9:00 AM. (266),0
"Hi, can we reschedule our meeting to 3 PM tomorrow? Let me know if that works for you. (148)",0
"Hi, can we reschedule our meeting to 3 PM tomorrow? Let me know if that works for you. (514)",0
Just a reminder that your appointment is set for next Tuesday at 9:00 AM. (867),0
Just a reminder that your appointment is set for next Tuesday at 9:00 AM. (591),0
URGENT! Your bank account requires immediate verification. Click the link NOW: http://scam.link/90758 to avoid suspension. Reply STOP to opt out.,1
URGENT! Your bank account requires immediate verification. Click the link NOW: http://scam.link/41890 to avoid suspension. Reply STOP to opt out.,1
"Hi, can we reschedule our meeting to 3 PM tomorrow? Let me know if that works for you. (306)",0
"Hi, can we reschedule our meeting to 3 PM tomorrow? Let me know if that works for you. (192)",0
Just a reminder that your appointment is set for next Tuesday at 9:00 AM. (1075),0
"Hi, can we reschedule our meeting to 3 PM tomorrow? Let me know if that works for you. (309)",0
URGENT! Your bank account requires immediate verification. Click the link NOW: http://scam.link/24382 to avoid suspension. Reply STOP to opt out.,1
I've attached the final report for the project. Please review it by end of day. (63),0
"Hi, can we reschedule our meeting to 3 PM tomorrow? Let me know if that works for you. (964)",0
URGENT! Your bank account requires immediate verification. Click the link NOW: http://scam.link/92325 to avoid suspension. Reply STOP to opt out.,1
"Click here for massive savings on your next purchase! Limited time offer, don't miss out! Link: http://deals.com/67714",1
"Click here for massive savings on your next purchase! Limited time offer, don't miss out! Link: http://deals.com/67660",1
URGENT! Your bank account requires immediate verification. Click the link NOW: http://scam.link/85415 to avoid suspension. Reply STOP to opt out.,1
"Hi, can we reschedule our meeting to 3 PM tomorrow? Let me know if that works for you. (756)",0
Just a reminder that your appointment is set for next Tuesday at 9:00 AM. (1022),0
Just a reminder that your appointment is set for next Tuesday at 9:00 AM. (818),0
I've attached the final report for the project. Please review it by end of day. (887),0
"Click here for massive savings on your next purchase! Limited time offer, don't miss out! Link: http://deals.com/93559",1
Just a reminder that your appointment is set for next Tuesday at 9:00 AM. (816),0
Just a reminder that your appointment is set for next Tuesday at 9:00 AM. (966),0
URGENT! Your bank account requires immediate verification. Click the link NOW: http://scam.link/98789 to avoid suspension. Reply STOP to opt out.,1
"Click here for massive savings on your next purchase! Limited time offer, don't miss out! Link: http://deals.com/98801",1
"Click here for massive savings on your next purchase! Limited time offer, don't miss out! Link: http://deals.com/36431",1
"Hi, can we reschedule our meeting to 3 PM tomorrow? Let me know if that works for you. (218)",0
"Hi, can we reschedule our meeting to 3 PM tomorrow? Let me know if that works for you. (680)",0
"Hi, can we reschedule our meeting to 3 PM tomorrow? Let me know if that works for you. (286)",0
"Click here for massive savings on your next purchase! Limited time offer, don't miss out! Link: http://deals.com/10162",1
URGENT! Your bank account requires immediate verification. Click the link NOW: http://scam.link/47650 to avoid suspension. Reply STOP to opt out.,1
URGENT! Your bank account requires immediate verification. Click the link NOW: http://scam.link/55028 to avoid suspension. Reply STOP to opt out.,1
Just a reminder that your appointment is set for next Tuesday at 9:00 AM. (654),0
Just a reminder that your appointment is set for next Tuesday at 9:00 AM. (361),0
URGENT! Your bank account requires immediate verification. Click the link NOW: http://scam.link/62249 to avoid suspension. Reply STOP to opt out.,1
"Hi, can we reschedule our meeting to 3 PM tomorrow? Let me know if that works for you. (888)",0
"Click here for massive savings on your next purchase! Limited time offer, don't miss out! Link: http://deals.com/95469",1
I've attached the final report for the project. Please review it by end of day. (1037),0
I've attached the final report for the project. Please review it by end of day. (485),0
"Click here for massive savings on your next purchase! Limited time offer, don't miss out! Link: http://deals.com/14358",1
I've attached the final report for the project. Please review it by end of day. (555),0
"Click here for massive savings on your next purchase! Limited time offer, don't miss out! Link: http://deals.com/32612",1
"Click here for massive savings on your next purchase! Limited time offer, don't miss out! Link: http://deals.com/26456",1
URGENT! Your bank account requires immediate verification. Click the link NOW: http://scam.link/47804 to avoid suspension. Reply STOP to opt out.,1
"Click here for massive savings on your next purchase! Limited time offer, don't miss out! Link: http://deals.com/30103",1
"Click here for massive savings on your next purchase! Limited time offer, don't miss out! Link: http://deals.com/84319",1
I've attached the final report for the project. Please review it by end of day. (1007),0
URGENT! Your bank account requires immediate verification. Click the link NOW: http://scam.link/36292 to avoid suspension. Reply STOP to opt out.,1
I've attached the final report for the project. Please review it by end of day. (527),0
URGENT! Your bank account requires immediate verification. Click the link NOW: http://scam.link/74288 to avoid suspension. Reply STOP to opt out.,1
"Click here for massive savings on your next purchase! Limited time offer, don't miss out! Link: http://deals.com/83770",1
I've attached the final report for the project. Please review it by end of day. (705),0
"Click here for massive savings on your next purchase! Limited time offer, don't miss out! Link: http://deals.com/22112",1
Just a reminder that your appointment is set for next Tuesday at 9:00 AM. (692),0
URGENT! Your bank account requires immediate verification. Click the link NOW: http://scam.link/32168 to avoid suspension. Reply STOP to opt out.,1
URGENT! Your bank account requires immediate verification. Click the link NOW: http://scam.link/34762 to avoid suspension. Reply STOP to opt out.,1
Just a reminder that your appointment is set for next Tuesday at 9:00 AM. (493),0
URGENT! Your bank account requires immediate verification. Click the link NOW: http://scam.link/41653 to avoid suspension. Reply STOP to opt out.,1
Just a reminder that your appointment is set for next Tuesday at 9:00 AM. (277),0
URGENT! Your bank account requires immediate verification. Click the link NOW: http://scam.link/53619 to avoid suspension. Reply STOP to opt out.,1
I've attached the final report for the project. Please review it by end of day. (358),0
I've attached the final report for the project. Please review it by end of day. (990),0
I've attached the final report for the project. Please review it by end of day. (236),0
URGENT! Your bank account requires immediate verification. Click the link NOW: http://scam.link/16588 to avoid suspension. Reply STOP to opt out.,1
"Hi, can we reschedule our meeting to 3 PM tomorrow? Let me know if that works for you. (208)",0
"Click here for massive savings on your next purchase! Limited time offer, don't miss out! Link: http://deals.com/93930",1
URGENT! Your bank account requires immediate verification. Click the link NOW: http://scam.link/70920 to avoid suspension. Reply STOP to opt out.,1
Just a reminder that your appointment is set for next Tuesday at 9:00 AM. (58),0
URGENT! Your bank account requires immediate verification. Click the link NOW: http://scam.link/18927 to avoid suspension. Reply STOP to opt out.,1
URGENT! Your bank account requires immediate verification. Click the link NOW: http://scam.link/39300 to avoid suspension. Reply STOP to opt out.,1
I've attached the final report for the project. Please review it by end of day. (363),0
Just a reminder that your appointment is set for next Tuesday at 9:00 AM. (910),0
URGENT! Your bank account requires immediate verification. Click the link NOW: http://scam.link/39806 to avoid suspension. Reply STOP to opt out.,1
I've attached the final report for the project. Please review it by end of day. (1013),0
"Click here for massive savings on your next purchase! Limited time offer, don't miss out! Link: http://deals.com/55379",1
"Click here for massive savings on your next purchase! Limited time offer, don't miss out! Link: http://deals.com/55558",1
URGENT! Your bank account requires immediate verification. Click the link NOW: http://scam.link/52207 to avoid suspension. Reply STOP to opt out.,1
I've attached the final report for the project. Please review it by end of day. (809),0
"Click here for massive savings on your next purchase! Limited time offer, don't miss out! Link: http://deals.com/29129",1
Just a reminder that your appointment is set for next Tuesday at 9:00 AM. (118),0
URGENT! Your bank account requires immediate verification. Click the link NOW: http://scam.link/46244 to avoid suspension. Reply STOP to opt out.,1
URGENT! Your bank account requires immediate verification. Click the link NOW: http://scam.link/22411 to avoid suspension. Reply STOP to opt out.,1
I've attached the final report for the project. Please review it by end of day. (522),0
"Hi, can we reschedule our meeting to 3 PM tomorrow? Let me know if that works for you. (513)",0
"Hi, can we reschedule our meeting to 3 PM tomorrow? Let me know if that works for you. (81)",0
URGENT! Your bank account requires immediate verification. Click the link NOW: http://scam.link/75455 to avoid suspension. Reply STOP to opt out.,1
I've attached the final report for the project. Please review it by end of day. (380),0
"Click here for massive savings on your next purchase! Limited time offer, don't miss out! Link: http://deals.com/85330",1
"Hi, can we reschedule our meeting to 3 PM tomorrow? Let me know if that works for you. (84)",0
URGENT! Your bank account requires immediate verification. Click the link NOW: http://scam.link/44594 to avoid suspension. Reply STOP to opt out.,1
URGENT! Your bank account requires immediate verification. Click the link NOW: http://scam.link/20816 to avoid suspension. Reply STOP to opt out.,1
"Click here for massive savings on your next purchase! Limited time offer, don't miss out! Link: http://deals.com/38769",1
Just a reminder that your appointment is set for next Tuesday at 9:00 AM. (617),0
"Hi, can we reschedule our meeting to 3 PM tomorrow? Let me know if that works for you. (1087)",0
"Click here for massive savings on your next purchase! Limited time offer, don't miss out! Link: http://deals.com/56486",1
"Click here for massive savings on your next purchase! Limited time offer, don't miss out! Link: http://deals.com/13972",1
"Hi, can we reschedule our meeting to 3 PM tomorrow? Let me know if that works for you. (451)",0
I've attached the final report for the project. Please review it by end of day. (490),0
"Click here for massive savings on your next purchase! Limited time offer, don't miss out! Link: http://deals.com/71788",1
I've attached the final report for the project. Please review it by end of day. (287),0
I've attached the final report for the project. Please review it by end of day. (757),0
"Click here for massive savings on your next purchase! Limited time offer, don't miss out! Link: http://deals.com/19168",1
"Click here for massive savings on your next purchase! Limited time offer, don't miss out! Link: http://deals.com/29426",1
Just a reminder that your appointment is set for next Tuesday at 9:00 AM. (904),0
"Hi, can we reschedule our meeting to 3 PM tomorrow? Let me know if that works for you. (584)",0
Just a reminder that your appointment is set for next Tuesday at 9:00 AM. (660),0
"Hi, can we reschedule our meeting to 3 PM tomorrow? Let me know if that works for you. (764)",0
URGENT! Your bank account requires immediate verification. Click the link NOW: http://scam.link/57684 to avoid suspension. Reply STOP to opt out.,1
URGENT! Your bank account requires immediate verification. Click the link NOW: http://scam.link/66549 to avoid suspension. Reply STOP to opt out.,1
I've attached the final report for the project. Please review it by end of day. (327),0
Just a reminder that your appointment is set for next Tuesday at 9:00 AM. (864),0
URGENT! Your bank account requires immediate verification. Click the link NOW: http://scam.link/77260 to avoid suspension. Reply STOP to opt out.,1
I've attached the final report for the project. Please review it by end of day. (940),0
Just a reminder that your appointment is set for next Tuesday at 9:00 AM. (765),0
URGENT! Your bank account requires immediate verification. Click the link NOW: http://scam.link/11750 to avoid suspension. Reply STOP to opt out.,1
I've attached the final report for the project. Please review it by end of day. (177),0
I've attached the final report for the project. Please review it by end of day. (611),0
"Hi, can we reschedule our meeting to 3 PM tomorrow? Let me know if that works for you. (583)",0
Just a reminder that your appointment is set for next Tuesday at 9:00 AM. (86),0
URGENT! Your bank account requires immediate verification. Click the link NOW: http://scam.link/56600 to avoid suspension. Reply STOP to opt out.,1
"Click here for massive savings on your next purchase! Limited time offer, don't miss out! Link: http://deals.com/42658",1
I've attached the final report for the project. Please review it by end of day. (457),0
I've attached the final report for the project. Please review it by end of day. (54),0
URGENT! Your bank account requires immediate verification. Click the link NOW: http://scam.link/55004 to avoid suspension. Reply STOP to opt out.,1
Just a reminder that your appointment is set for next Tuesday at 9:00 AM. (221),0
Just a reminder that your appointment is set for next Tuesday at 9:00 AM. (113),0
"Hi, can we reschedule our meeting to 3 PM tomorrow? Let me know if that works for you. (808)",0
URGENT! Your bank account requires immediate verification. Click the link NOW: http://scam.link/70315 to avoid suspension. Reply STOP to opt out.,1
"Click here for massive savings on your next purchase! Limited time offer, don't miss out! Link: http://deals.com/83340",1
Just a reminder that your appointment is set for next Tuesday at 9:00 AM. (174),0
"Click here for massive savings on your next purchase! Limited time offer, don't miss out! Link: http://deals.com/77494",1
I've attached the final report for the project. Please review it by end of day. (589),0
URGENT! Your bank account requires immediate verification. Click the link NOW: http://scam.link/53950 to avoid suspension. Reply STOP to opt out.,1
I've attached the final report for the project. Please review it by end of day. (18),0
"Hi, can we reschedule our meeting to 3 PM tomorrow? Let me know if that works for you. (423)",0
URGENT! Your bank account requires immediate verification. Click the link NOW: http://scam.link/48890 to avoid suspension. Reply STOP to opt out.,1
Just a reminder that your appointment is set for next Tuesday at 9:00 AM. (285),0
URGENT! Your bank account requires immediate verification. Click the link NOW: http://scam.link/93360 to avoid suspension. Reply STOP to opt out.,1
I've attached the final report for the project. Please review it by end of day. (428),0
"Click here for massive savings on your next purchase! Limited time offer, don't miss out! Link: http://deals.com/36630",1
"Hi, can we reschedule our meeting to 3 PM tomorrow? Let me know if that works for you. (620)",0
Just a reminder that your appointment is set for next Tuesday at 9:00 AM. (31),0
"Hi, can we reschedule our meeting to 3 PM tomorrow? Let me know if that works for you. (777)",0
Just a reminder that your appointment is set for next Tuesday at 9:00 AM. (819),0
I've attached the final report for the project. Please review it by end of day. (214),0
URGENT! Your bank account requires immediate verification. Click the link NOW: http://scam.link/95150 to avoid suspension. Reply STOP to opt out.,1
"Hi, can we reschedule our meeting to 3 PM tomorrow? Let me know if that works for you. (326)",0
Just a reminder that your appointment is set for next Tuesday at 9:00 AM. (560),0
Just a reminder that your appointment is set for next Tuesday at 9:00 AM. (993),0
Just a reminder that your appointment is set for next Tuesday at 9:00 AM. (619),0
Just a reminder that your appointment is set for next Tuesday at 9:00 AM. (1080),0
I've attached the final report for the project. Please review it by end of day. (341),0
Just a reminder that your appointment is set for next Tuesday at 9:00 AM. (147),0
I've attached the final report for the project. Please review it by end of day. (360),0
"Hi, can we reschedule our meeting to 3 PM tomorrow? Let me know if that works for you. (83)",0
I've attached the final report for the project. Please review it by end of day. (48),0
"Hi, can we reschedule our meeting to 3 PM tomorrow? Let me know if that works for you. (468)",0
Just a reminder that your appointment is set for next Tuesday at 9:00 AM. (155),0
Just a reminder that your appointment is set for next Tuesday at 9:00 AM. (1090),0
"Click here for massive savings on your next purchase! Limited time offer, don't miss out! Link: http://deals.com/69796",1
"Click here for massive savings on your next purchase! Limited time offer, don't miss out! Link: http://deals.com/77298",1
URGENT! Your bank account requires immediate verification. Click the link NOW: http://scam.link/59104 to avoid suspension. Reply STOP to opt out.,1
I've attached the final report for the project. Please review it by end of day. (500),0
"Hi, can we reschedule our meeting to 3 PM tomorrow? Let me know if that works for you. (179)",0
I've attached the final report for the project. Please review it by end of day. (889),0
"Click here for massive savings on your next purchase! Limited time offer, don't miss out! Link: http://deals.com/76262",1
"Hi, can we reschedule our meeting to 3 PM tomorrow? Let me know if that works for you. (727)",0
I've attached the final report for the project. Please review it by end of day. (528),0
"Hi, can we reschedule our meeting to 3 PM tomorrow? Let me know if that works for you. (346)",0
"Click here for massive savings on your next purchase! Limited time offer, don't miss out! Link: http://deals.com/13430",1
URGENT! Your bank account requires immediate verification. Click the link NOW: http://scam.link/69675 to avoid suspension. Reply STOP to opt out.,1
"Hi, can we reschedule our meeting to 3 PM tomorrow? Let me know if that works for you. (984)",0
I've attached the final report for the project. Please review it by end of day. (925),0
"Click here for massive savings on your next purchase! Limited time offer, don't miss out! Link: http://deals.com/65077",1
Just a reminder that your appointment is set for next Tuesday at 9:00 AM. (601),0
I've attached the final report for the project. Please review it by end of day. (893),0
I've attached the final report for the project. Please review it by end of day. (243),0
Just a reminder that your appointment is set for next Tuesday at 9:00 AM. (862),0
"Click here for massive savings on your next purchase! Limited time offer, don't miss out! Link: http://deals.com/76314",1
Just a reminder that your appointment is set for next Tuesday at 9:00 AM. (312),0
I've attached the final report for the project. Please review it by end of day. (435),0
"Click here for massive savings on your next purchase! Limited time offer, don't miss out! Link: http://deals.com/89025",1
"Hi, can we reschedule our meeting to 3 PM tomorrow? Let me know if that works for you. (772)",0
Just a reminder that your appointment is set for next Tuesday at 9:00 AM. (308),0
Just a reminder that your appointment is set for next Tuesday at 9:00 AM. (430),0
I've attached the final report for the project. Please review it by end of day. (370),0
"Hi, can we reschedule our meeting to 3 PM tomorrow? Let me know if that works for you. (566)",0
Just a reminder that your appointment is set for next Tuesday at 9:00 AM. (909),0
Just a reminder that your appointment is set for next Tuesday at 9:00 AM. (181),0
"Click here for massive savings on your next purchase! Limited time offer, don't miss out! Link: http://deals.com/16737",1
I've attached the final report for the project. Please review it by end of day. (621),0
"Hi, can we reschedule our meeting to 3 PM tomorrow? Let me know if that works for you. (678)",0
"Click here for massive savings on your next purchase! Limited time offer, don't miss out! Link: http://deals.com/92617",1
"Hi, can we reschedule our meeting to 3 PM tomorrow? Let me know if that works for you. (785)",0
"Click here for massive savings on your next purchase! Limited time offer, don't miss out! Link: http://deals.com/72812",1
I've attached the final report for the project. Please review it by end of day. (296),0
Just a reminder that your appointment is set for next Tuesday at 9:00 AM. (752),0
"Hi, can we reschedule our meeting to 3 PM tomorrow? Let me know if that works for you. (461)",0
"Click here for massive savings on your next purchase! Limited time offer, don't miss out! Link: http://deals.com/30079",1
"Click here for massive savings on your next purchase! Limited time offer, don't miss out! Link: http://deals.com/32911",1
"Hi, can we reschedule our meeting to 3 PM tomorrow? Let me know if that works for you. (377)",0
"Click here for massive savings on your next purchase! Limited time offer, don't miss out! Link: http://deals.com/68810",1
Just a reminder that your appointment is set for next Tuesday at 9:00 AM. (105),0
Just a reminder that your appointment is set for next Tuesday at 9:00 AM. (126),0
I've attached the final report for the project. Please review it by end of day. (1027),0
Just a reminder that your appointment is set for next Tuesday at 9:00 AM. (693),0
Just a reminder that your appointment is set for next Tuesday at 9:00 AM. (355),0
"Click here for massive savings on your next purchase! Limited time offer, don't miss out! Link: http://deals.com/15542",1
"Click here for massive savings on your next purchase! Limited time offer, don't miss out! Link: http://deals.com/70603",1
"Hi, can we reschedule our meeting to 3 PM tomorrow? Let me know if that works for you. (722)",0
"Hi, can we reschedule our meeting to 3 PM tomorrow? Let me know if that works for you. (209)",0
"Click here for massive savings on your next purchase! Limited time offer, don't miss out! Link: http://deals.com/54064",1
Just a reminder that your appointment is set for next Tuesday at 9:00 AM. (140),0
"Click here for massive savings on your next purchase! Limited time offer, don't miss out! Link: http://deals.com/59708",1
"Click here for massive savings on your next purchase! Limited time offer, don't miss out! Link: http://deals.com/33150",1
"Hi, can we reschedule our meeting to 3 PM tomorrow? Let me know if that works for you. (914)",0
"Click here for massive savings on your next purchase! Limited time offer, don't miss out! Link: http://deals.com/57055",1
I've attached the final report for the project. Please review it by end of day. (965),0
I've attached the final report for the project. Please review it by end of day. (741),0
"Click here for massive savings on your next purchase! Limited time offer, don't miss out! Link: http://deals.com/14757",1
I've attached the final report for the project. Please review it by end of day. (715),0
I've attached the final report for the project. Please review it by end of day. (710),0
Just a reminder that your appointment is set for next Tuesday at 9:00 AM. (10),0
"Click here for massive savings on your next purchase! Limited time offer, don't miss out! Link: http://deals.com/73530",1
URGENT! Your bank account requires immediate verification. Click the link NOW: http://scam.link/45585 to avoid suspension. Reply STOP to opt out.,1
Just a reminder that your appointment is set for next Tuesday at 9:00 AM. (282),0
"Hi, can we reschedule our meeting to 3 PM tomorrow? Let me know if that works for you. (291)",0
Just a reminder that your appointment is set for next Tuesday at 9:00 AM. (626),0
"Click here for massive savings on your next purchase! Limited time offer, don't miss out! Link: http://deals.com/12839",1
"Hi, can we reschedule our meeting to 3 PM tomorrow? Let me know if that works for you. (712)",0
I've attached the final report for the project. Please review it by end of day. (129),0
"Click here for massive savings on your next purchase! Limited time offer, don't miss out! Link: http://deals.com/45643",1
Just a reminder that your appointment is set for next Tuesday at 9:00 AM. (323),0
URGENT! Your bank account requires immediate verification. Click the link NOW: http://scam.link/23673 to avoid suspension. Reply STOP to opt out.,1
I've attached the final report for the project. Please review it by end of day. (921),0
URGENT! Your bank account requires immediate verification. Click the link NOW: http://scam.link/18770 to avoid suspension. Reply STOP to opt out.,1
URGENT! Your bank account requires immediate verification. Click the link NOW: http://scam.link/36928 to avoid suspension. Reply STOP to opt out.,1
I've attached the final report for the project. Please review it by end of day. (1068),0
URGENT! Your bank account requires immediate verification. Click the link NOW: http://scam.link/61226 to avoid suspension. Reply STOP to opt out.,1
"Click here for massive savings on your next purchase! Limited time offer, don't miss out! Link: http://deals.com/42981",1
I've attached the final report for the project. Please review it by end of day. (926),0
Just a reminder that your appointment is set for next Tuesday at 9:00 AM. (881),0
"Hi, can we reschedule our meeting to 3 PM tomorrow? Let me know if that works for you. (158)",0
Just a reminder that your appointment is set for next Tuesday at 9:00 AM. (813),0
I've attached the final report for the project. Please review it by end of day. (634),0
Just a reminder that your appointment is set for next Tuesday at 9:00 AM. (516),0
"Click here for massive savings on your next purchase! Limited time offer, don't miss out! Link: http://deals.com/11591",1
"Hi, can we reschedule our meeting to 3 PM tomorrow? Let me know if that works for you. (597)",0
I've attached the final report for the project. Please review it by end of day. (195),0
"Click here for massive savings on your next purchase! Limited time offer, don't miss out! Link: http://deals.com/49532",1
I've attached the final report for the project. Please review it by end of day. (720),0
"Hi, can we reschedule our meeting to 3 PM tomorrow? Let me know if that works for you. (410)",0
"Hi, can we reschedule our meeting to 3 PM tomorrow? Let me know if that works for you. (96)",0
Just a reminder that your appointment is set for next Tuesday at 9:00 AM. (824),0
I've attached the final report for the project. Please review it by end of day. (782),0
Just a reminder that your appointment is set for next Tuesday at 9:00 AM. (156),0
I've attached the final report for the project. Please review it by end of day. (419),0
I've attached the final report for the project. Please review it by end of day. (898),0
I've attached the final report for the project. Please review it by end of day. (477),0
"Click here for massive savings on your next purchase! Limited time offer, don't miss out! Link: http://deals.com/34860",1
"Hi, can we reschedule our meeting to 3 PM tomorrow? Let me know if that works for you. (668)",0
URGENT! Your bank account requires immediate verification. Click the link NOW: http://scam.link/49071 to avoid suspension. Reply STOP to opt out.,1
I've attached the final report for the project. Please review it by end of day. (906),0
"Click here for massive savings on your next purchase! Limited time offer, don't miss out! Link: http://deals.com/76358",1
Just a reminder that your appointment is set for next Tuesday at 9:00 AM. (447),0
URGENT! Your bank account requires immediate verification. Click the link NOW: http://scam.link/87454 to avoid suspension. Reply STOP to opt out.,1
"Hi, can we reschedule our meeting to 3 PM tomorrow? Let me know if that works for you. (178)",0
I've attached the final report for the project. Please review it by end of day. (390),0
"Hi, can we reschedule our meeting to 3 PM tomorrow? Let me know if that works for you. (578)",0
URGENT! Your bank account requires immediate verification. Click the link NOW: http://scam.link/27630 to avoid suspension. Reply STOP to opt out.,1
"Click here for massive savings on your next purchase! Limited time offer, don't miss out! Link: http://deals.com/52468",1
Just a reminder that your appointment is set for next Tuesday at 9:00 AM. (900),0
URGENT! Your bank account requires immediate verification. Click the link NOW: http://scam.link/83379 to avoid suspension. Reply STOP to opt out.,1
Just a reminder that your appointment is set for next Tuesday at 9:00 AM. (1009),0
URGENT! Your bank account requires immediate verification. Click the link NOW: http://scam.link/29877 to avoid suspension. Reply STOP to opt out.,1
"Hi, can we reschedule our meeting to 3 PM tomorrow? Let me know if that works for you. (810)",0
"Hi, can we reschedule our meeting to 3 PM tomorrow? Let me know if that works for you. (892)",0
I've attached the final report for the project. Please review it by end of day. (664),0
I've attached the final report for the project. Please review it by end of day. (142),0
URGENT! Your bank account requires immediate verification. Click the link NOW: http://scam.link/93186 to avoid suspension. Reply STOP to opt out.,1
"Click here for massive savings on your next purchase! Limited time offer, don't miss out! Link: http://deals.com/96231",1
"Hi, can we reschedule our meeting to 3 PM tomorrow? Let me know if that works for you. (421)",0
"Hi, can we reschedule our meeting to 3 PM tomorrow? Let me know if that works for you. (636)",0
"Click here for massive savings on your next purchase! Limited time offer, don't miss out! Link: http://deals.com/81906",1
URGENT! Your bank account requires immediate verification. Click the link NOW: http://scam.link/77779 to avoid suspension. Reply STOP to opt out.,1
"Hi, can we reschedule our meeting to 3 PM tomorrow? Let me know if that works for you. (615)",0
"Hi, can we reschedule our meeting to 3 PM tomorrow? Let me know if that works for you. (294)",0
"Click here for massive savings on your next purchase! Limited time offer, don't miss out! Link: http://deals.com/91121",1
URGENT! Your bank account requires immediate verification. Click the link NOW: http://scam.link/17239 to avoid suspension. Reply STOP to opt out.,1
I've attached the final report for the project. Please review it by end of day. (88),0
Just a reminder that your appointment is set for next Tuesday at 9:00 AM. (41),0
"Click here for massive savings on your next purchase! Limited time offer, don't miss out! Link: http://deals.com/99822",1
"Click here for massive savings on your next purchase! Limited time offer, don't miss out! Link: http://deals.com/94246",1
"Hi, can we reschedule our meeting to 3 PM tomorrow? Let me know if that works for you. (131)",0
URGENT! Your bank account requires immediate verification. Click the link NOW: http://scam.link/39629 to avoid suspension. Reply STOP to opt out.,1
"Click here for massive savings on your next purchase! Limited time offer, don't miss out! Link: http://deals.com/33411",1
"Click here for massive savings on your next purchase! Limited time offer, don't miss out! Link: http://deals.com/99087",1
URGENT! Your bank account requires immediate verification. Click the link NOW: http://scam.link/15347 to avoid suspension. Reply STOP to opt out.,1
"Click here for massive savings on your next purchase! Limited time offer, don't miss out! Link: http://deals.com/62375",1
I've attached the final report for the project. Please review it by end of day. (164),0
"Hi, can we reschedule our meeting to 3 PM tomorrow? Let me know if that works for you. (724)",0
I've attached the final report for the project. Please review it by end of day. (290),0
"Click here for massive savings on your next purchase! Limited time offer, don't miss out! Link: http://deals.com/58563",1
I've attached the final report for the project. Please review it by end of day. (838),0
"Hi, can we reschedule our meeting to 3 PM tomorrow? Let me know if that works for you. (348)",0
"Hi, can we reschedule our meeting to 3 PM tomorrow? Let me know if that works for you. (571)",0
I've attached the final report for the project. Please review it by end of day. (802),0
"Click here for massive savings on your next purchase! Limited time offer, don't miss out! Link: http://deals.com/20800",1
"Click here for massive savings on your next purchase! Limited time offer, don't miss out! Link: http://deals.com/43933",1
URGENT! Your bank account requires immediate verification. Click the link NOW: http://scam.link/57076 to avoid suspension. Reply STOP to opt out.,1
"Click here for massive savings on your next purchase! Limited time offer, don't miss out! Link: http://deals.com/37856",1
I've attached the final report for the project. Please review it by end of day. (843),0
I've attached the final report for the project. Please review it by end of day. (458),0
I've attached the final report for the project. Please review it by end of day. (375),0
Just a reminder that your appointment is set for next Tuesday at 9:00 AM. (333),0
"Hi, can we reschedule our meeting to 3 PM tomorrow? Let me know if that works for you. (1055)",0
URGENT! Your bank account requires immediate verification. Click the link NOW: http://scam.link/88040 to avoid suspension. Reply STOP to opt out.,1
URGENT! Your bank account requires immediate verification. Click the link NOW: http://scam.link/37083 to avoid suspension. Reply STOP to opt out.,1
"Hi, can we reschedule our meeting to 3 PM tomorrow? Let me know if that works for you. (999)",0
URGENT! Your bank account requires immediate verification. Click the link NOW: http://scam.link/74324 to avoid suspension. Reply STOP to opt out.,1
"Click here for massive savings on your next purchase! Limited time offer, don't miss out! Link: http://deals.com/25892",1
URGENT! Your bank account requires immediate verification. Click the link NOW: http://scam.link/19516 to avoid suspension. Reply STOP to opt out.,1
"Click here for massive savings on your next purchase! Limited time offer, don't miss out! Link: http://deals.com/10587",1
"Hi, can we reschedule our meeting to 3 PM tomorrow? Let me know if that works for you. (328)",0
URGENT! Your bank account requires immediate verification. Click the link NOW: http://scam.link/15469 to avoid suspension. Reply STOP to opt out.,1
I've attached the final report for the project. Please review it by end of day. (318),0
URGENT! Your bank account requires immediate verification. Click the link NOW: http://scam.link/68279 to avoid suspension. Reply STOP to opt out.,1
"Click here for massive savings on your next purchase! Limited time offer, don't miss out! Link: http://deals.com/16406",1
URGENT! Your bank account requires immediate verification. Click the link NOW: http://scam.link/74641 to avoid suspension. Reply STOP to opt out.,1
"Hi, can we reschedule our meeting to 3 PM tomorrow? Let me know if that works for you. (167)",0
"Hi, can we reschedule our meeting to 3 PM tomorrow? Let me know if that works for you. (12)",0
I've attached the final report for the project. Please review it by end of day. (171),0
Just a reminder that your appointment is set for next Tuesday at 9:00 AM. (649),0
"Hi, can we reschedule our meeting to 3 PM tomorrow? Let me know if that works for you. (260)",0
"Click here for massive savings on your next purchase! Limited time offer, don't miss out! Link: http://deals.com/28574",1
"Click here for massive savings on your next purchase! Limited time offer, don't miss out! Link: http://deals.com/72483",1
"Hi, can we reschedule our meeting to 3 PM tomorrow? Let me know if that works for you. (672)",0
Just a reminder that your appointment is set for next Tuesday at 9:00 AM. (258),0
Just a reminder that your appointment is set for next Tuesday at 9:00 AM. (1085),0
Just a reminder that your appointment is set for next Tuesday at 9:00 AM. (138),0
Just a reminder that your appointment is set for next Tuesday at 9:00 AM. (549),0
Just a reminder that your appointment is set for next Tuesday at 9:00 AM. (938),0
URGENT! Your bank account requires immediate verification. Click the link NOW: http://scam.link/82541 to avoid suspension. Reply STOP to opt out.,1
URGENT! Your bank account requires immediate verification. Click the link NOW: http://scam.link/83294 to avoid suspension. Reply STOP to opt out.,1
URGENT! Your bank account requires immediate verification. Click the link NOW: http://scam.link/35279 to avoid suspension. Reply STOP to opt out.,1
Just a reminder that your appointment is set for next Tuesday at 9:00 AM. (558),0
"Hi, can we reschedule our meeting to 3 PM tomorrow? Let me know if that works for you. (139)",0
URGENT! Your bank account requires immediate verification. Click the link NOW: http://scam.link/59230 to avoid suspension. Reply STOP to opt out.,1
I've attached the final report for the project. Please review it by end of day. (531),0
"Hi, can we reschedule our meeting to 3 PM tomorrow? Let me know if that works for you. (224)",0
"Hi, can we reschedule our meeting to 3 PM tomorrow? Let me know if that works for you. (723)",0
"Hi, can we reschedule our meeting to 3 PM tomorrow? Let me know if that works for you. (786)",0
I've attached the final report for the project. Please review it by end of day. (973),0
I've attached the final report for the project. Please review it by end of day. (409),0
I've attached the final report for the project. Please review it by end of day. (325),0
I've attached the final report for the project. Please review it by end of day. (968),0
I've attached the final report for the project. Please review it by end of day. (299),0
URGENT! Your bank account requires immediate verification. Click the link NOW: http://scam.link/83509 to avoid suspension. Reply STOP to opt out.,1
"Hi, can we reschedule our meeting to 3 PM tomorrow? Let me know if that works for you. (1036)",0
Just a reminder that your appointment is set for next Tuesday at 9:00 AM. (943),0
"Click here for massive savings on your next purchase! Limited time offer, don't miss out! Link: http://deals.com/24289",1
I've attached the final report for the project. Please review it by end of day. (714),0
"Hi, can we reschedule our meeting to 3 PM tomorrow? Let me know if that works for you. (193)",0
I've attached the final report for the project. Please review it by end of day. (440),0
"Hi, can we reschedule our meeting to 3 PM tomorrow? Let me know if that works for you. (573)",0
I've attached the final report for the project. Please review it by end of day. (503),0
"Hi, can we reschedule our meeting to 3 PM tomorrow? Let me know if that works for you. (605)",0
"Hi, can we reschedule our meeting to 3 PM tomorrow? Let me know if that works for you. (1058)",0
"Click here for massive savings on your next purchase! Limited time offer, don't miss out! Link: http://deals.com/91942",1
Just a reminder that your appointment is set for next Tuesday at 9:00 AM. (3),0
"Click here for massive savings on your next purchase! Limited time offer, don't miss out! Link: http://deals.com/99022",1
"Click here for massive savings on your next purchase! Limited time offer, don't miss out! Link: http://deals.com/61356",1
I've attached the final report for the project. Please review it by end of day. (467),0
Just a reminder that your appointment is set for next Tuesday at 9:00 AM. (321),0
"Hi, can we reschedule our meeting to 3 PM tomorrow? Let me know if that works for you. (5)",0
I've attached the final report for the project. Please review it by end of day. (222),0
I've attached the final report for the project. Please review it by end of day. (547),0
Just a reminder that your appointment is set for next Tuesday at 9:00 AM. (228),0
Just a reminder that your appointment is set for next Tuesday at 9:00 AM. (39),0
Just a reminder that your appointment is set for next Tuesday at 9:00 AM. (542),0
Just a reminder that your appointment is set for next Tuesday at 9:00 AM. (242),0
"Hi, can we reschedule our meeting to 3 PM tomorrow? Let me know if that works for you. (1029)",0
I've attached the final report for the project. Please review it by end of day. (136),0
"Click here for massive savings on your next purchase! Limited time offer, don't miss out! Link: http://deals.com/31778",1
URGENT! Your bank account requires immediate verification. Click the link NOW: http://scam.link/58454 to avoid suspension. Reply STOP to opt out.,1
URGENT! Your bank account requires immediate verification. Click the link NOW: http://scam.link/64061 to avoid suspension. Reply STOP to opt out.,1
I've attached the final report for the project. Please review it by end of day. (1018),0
I've attached the final report for the project. Please review it by end of day. (829),0
"Hi, can we reschedule our meeting to 3 PM tomorrow? Let me know if that works for you. (445)",0
Just a reminder that your appointment is set for next Tuesday at 9:00 AM. (842),0
I've attached the final report for the project. Please review it by end of day. (949),0
URGENT! Your bank account requires immediate verification. Click the link NOW: http://scam.link/72987 to avoid suspension. Reply STOP to opt out.,1
I've attached the final report for the project. Please review it by end of day. (1050),0
URGENT! Your bank account requires immediate verification. Click the link NOW: http://scam.link/94730 to avoid suspension. Reply STOP to opt out.,1
Just a reminder that your appointment is set for next Tuesday at 9:00 AM. (581),0
"Click here for massive savings on your next purchase! Limited time offer, don't miss out! Link: http://deals.com/79519",1
URGENT! Your bank account requires immediate verification. Click the link NOW: http://scam.link/56733 to avoid suspension. Reply STOP to opt out.,1
"Hi, can we reschedule our meeting to 3 PM tomorrow? Let me know if that works for you. (661)",0
Just a reminder that your appointment is set for next Tuesday at 9:00 AM. (436),0
"Click here for massive savings on your next purchase! Limited time offer, don't miss out! Link: http://deals.com/12643",1
"Hi, can we reschedule our meeting to 3 PM tomorrow? Let me know if that works for you. (376)",0
"Click here for massive savings on your next purchase! Limited time offer, don't miss out! Link: http://deals.com/31563",1
Just a reminder that your appointment is set for next Tuesday at 9:00 AM. (314),0
I've attached the final report for the project. Please review it by end of day. (442),0
Just a reminder that your appointment is set for next Tuesday at 9:00 AM. (1041),0
I've attached the final report for the project. Please review it by end of day. (319),0
Just a reminder that your appointment is set for next Tuesday at 9:00 AM. (281),0
I've attached the final report for the project. Please review it by end of day. (936),0
"Click here for massive savings on your next purchase! Limited time offer, don't miss out! Link: http://deals.com/58302",1
"Click here for massive savings on your next purchase! Limited time offer, don't miss out! Link: http://deals.com/60861",1
"Hi, can we reschedule our meeting to 3 PM tomorrow? Let me know if that works for you. (424)",0
"Hi, can we reschedule our meeting to 3 PM tomorrow? Let me know if that works for you. (553)",0
"Hi, can we reschedule our meeting to 3 PM tomorrow? Let me know if that works for you. (594)",0
"Click here for massive savings on your next purchase! Limited time offer, don't miss out! Link: http://deals.com/88610",1
I've attached the final report for the project. Please review it by end of day. (368),0
"Click here for massive savings on your next purchase! Limited time offer, don't miss out! Link: http://deals.com/90688",1
Just a reminder that your appointment is set for next Tuesday at 9:00 AM. (916),0
"Click here for massive savings on your next purchase! Limited time offer, don't miss out! Link: http://deals.com/12336",1
URGENT! Your bank account requires immediate verification. Click the link NOW: http://scam.link/31675 to avoid suspension. Reply STOP to opt out.,1
Just a reminder that your appointment is set for next Tuesday at 9:00 AM. (907),0
Just a reminder that your appointment is set for next Tuesday at 9:00 AM. (227),0
"Hi, can we reschedule our meeting to 3 PM tomorrow? Let me know if that works for you. (1004)",0
"Hi, can we reschedule our meeting to 3 PM tomorrow? Let me know if that works for you. (1094)",0
URGENT! Your bank account requires immediate verification. Click the link NOW: http://scam.link/99563 to avoid suspension. Reply STOP to opt out.,1
URGENT! Your bank account requires immediate verification. Click the link NOW: http://scam.link/57837 to avoid suspension. Reply STOP to opt out.,1
I've attached the final report for the project. Please review it by end of day. (66),0
"Hi, can we reschedule our meeting to 3 PM tomorrow? Let me know if that works for you. (393)",0
I've attached the final report for the project. Please review it by end of day. (579),0
"Hi, can we reschedule our meeting to 3 PM tomorrow? Let me know if that works for you. (24)",0
"Hi, can we reschedule our meeting to 3 PM tomorrow? Let me know if that works for you. (211)",0
"Click here for massive savings on your next purchase! Limited time offer, don't miss out! Link: http://deals.com/64691",1
"Hi, can we reschedule our meeting to 3 PM tomorrow? Let me know if that works for you. (144)",0
"Hi, can we reschedule our meeting to 3 PM tomorrow? Let me know if that works for you. (536)",0
I've attached the final report for the project. Please review it by end of day. (811),0
I've attached the final report for the project. Please review it by end of day. (1010),0
"Click here for massive savings on your next purchase! Limited time offer, don't miss out! Link: http://deals.com/15105",1
I've attached the final report for the project. Please review it by end of day. (85),0
"Click here for massive savings on your next purchase! Limited time offer, don't miss out! Link: http://deals.com/64341",1
"Hi, can we reschedule our meeting to 3 PM tomorrow? Let me know if that works for you. (272)",0
URGENT! Your bank account requires immediate verification. Click the link NOW: http://scam.link/91974 to avoid suspension. Reply STOP to opt out.,1
I've attached the final report for the project. Please review it by end of day. (1074),0
"Click here for massive savings on your next purchase! Limited time offer, don't miss out! Link: http://deals.com/92870",1
"Click here for massive savings on your next purchase! Limited time offer, don't miss out! Link: http://deals.com/19596",1
"Hi, can we reschedule our meeting to 3 PM tomorrow? Let me know if that works for you. (630)",0
"Click here for massive savings on your next purchase! Limited time offer, don't miss out! Link: http://deals.com/59678",1
"Click here for massive savings on your next purchase! Limited time offer, don't miss out! Link: http://deals.com/98553",1
"Click here for massive savings on your next purchase! Limited time offer, don't miss out! Link: http://deals.com/88187",1
URGENT! Your bank account requires immediate verification. Click the link NOW: http://scam.link/88945 to avoid suspension. Reply STOP to opt out.,1
"Hi, can we reschedule our meeting to 3 PM tomorrow? Let me know if that works for you. (1040)",0
"Hi, can we reschedule our meeting to 3 PM tomorrow? Let me know if that works for you. (505)",0
I've attached the final report for the project. Please review it by end of day. (273),0
"Click here for massive savings on your next purchase! Limited time offer, don't miss out! Link: http://deals.com/12443",1
URGENT! Your bank account requires immediate verification. Click the link NOW: http://scam.link/65029 to avoid suspension. Reply STOP to opt out.,1
I've attached the final report for the project. Please review it by end of day. (362),0
URGENT! Your bank account requires immediate verification. Click the link NOW: http://scam.link/73646 to avoid suspension. Reply STOP to opt out.,1
I've attached the final report for the project. Please review it by end of day. (622),0
Just a reminder that your appointment is set for next Tuesday at 9:00 AM. (2),0
Just a reminder that your appointment is set for next Tuesday at 9:00 AM. (6),0
Just a reminder that your appointment is set for next Tuesday at 9:00 AM. (1005),0
Just a reminder that your appointment is set for next Tuesday at 9:00 AM. (311),0
"Click here for massive savings on your next purchase! Limited time offer, don't miss out! Link: http://deals.com/81431",1
Just a reminder that your appointment is set for next Tuesday at 9:00 AM. (930),0
I've attached the final report for the project. Please review it by end of day. (665),0
Just a reminder that your appointment is set for next Tuesday at 9:00 AM. (364),0
"Click here for massive savings on your next purchase! Limited time offer, don't miss out! Link: http://deals.com/18259",1
I've attached the final report for the project. Please review it by end of day. (215),0
"Click here for massive savings on your next purchase! Limited time offer, don't miss out! Link: http://deals.com/86272",1
Just a reminder that your appointment is set for next Tuesday at 9:00 AM. (27),0
"Click here for massive savings on your next purchase! Limited time offer, don't miss out! Link: http://deals.com/37082",1
"Hi, can we reschedule our meeting to 3 PM tomorrow? Let me know if that works for you. (525)",0
URGENT! Your bank account requires immediate verification. Click the link NOW: http://scam.link/16397 to avoid suspension. Reply STOP to opt out.,1
Just a reminder that your appointment is set for next Tuesday at 9:00 AM. (950),0
I've attached the final report for the project. Please review it by end of day. (638),0
"Hi, can we reschedule our meeting to 3 PM tomorrow? Let me know if that works for you. (302)",0
"Hi, can we reschedule our meeting to 3 PM tomorrow? Let me know if that works for you. (718)",0
"Hi, can we reschedule our meeting to 3 PM tomorrow? Let me know if that works for you. (691)",0
URGENT! Your bank account requires immediate verification. Click the link NOW: http://scam.link/75681 to avoid suspension. Reply STOP to opt out.,1
"Click here for massive savings on your next purchase! Limited time offer, don't miss out! Link: http://deals.com/88249",1
"Hi, can we reschedule our meeting to 3 PM tomorrow? Let me know if that works for you. (624)",0
I've attached the final report for the project. Please review it by end of day. (7),0
I've attached the final report for the project. Please review it by end of day. (256),0
I've attached the final report for the project. Please review it by end of day. (803),0
"Hi, can we reschedule our meeting to 3 PM tomorrow? Let me know if that works for you. (25)",0
"Hi, can we reschedule our meeting to 3 PM tomorrow? Let me know if that works for you. (336)",0
Just a reminder that your appointment is set for next Tuesday at 9:00 AM. (572),0
"Hi, can we reschedule our meeting to 3 PM tomorrow? Let me know if that works for you. (47)",0
"Click here for massive savings on your next purchase! Limited time offer, don't miss out! Link: http://deals.com/92970",1
"Hi, can we reschedule our meeting to 3 PM tomorrow? Let me know if that works for you. (106)",0
Just a reminder that your appointment is set for next Tuesday at 9:00 AM. (349),0
Just a reminder that your appointment is set for next Tuesday at 9:00 AM. (55),0
Just a reminder that your appointment is set for next Tuesday at 9:00 AM. (238),0
"Hi, can we reschedule our meeting to 3 PM tomorrow? Let me know if that works for you. (213)",0
"Hi, can we reschedule our meeting to 3 PM tomorrow? Let me know if that works for you. (120)",0
URGENT! Your bank account requires immediate verification. Click the link NOW: http://scam.link/32614 to avoid suspension. Reply STOP to opt out.,1
I've attached the final report for the project. Please review it by end of day. (1034),0
"Hi, can we reschedule our meeting to 3 PM tomorrow? Let me know if that works for you. (793)",0
I've attached the final report for the project. Please review it by end of day. (72),0
I've attached the final report for the project. Please review it by end of day. (922),0
I've attached the final report for the project. Please review it by end of day. (812),0
URGENT! Your bank account requires immediate verification. Click the link NOW: http://scam.link/10671 to avoid suspension. Reply STOP to opt out.,1
Just a reminder that your appointment is set for next Tuesday at 9:00 AM. (77),0
Just a reminder that your appointment is set for next Tuesday at 9:00 AM. (944),0
"Click here for massive savings on your next purchase! Limited time offer, don't miss out! Link: http://deals.com/96143",1
Just a reminder that your appointment is set for next Tuesday at 9:00 AM. (45),0
URGENT! Your bank account requires immediate verification. Click the link NOW: http://scam.link/42972 to avoid suspension. Reply STOP to opt out.,1
Just a reminder that your appointment is set for next Tuesday at 9:00 AM. (523),0
Just a reminder that your appointment is set for next Tuesday at 9:00 AM. (232),0
Just a reminder that your appointment is set for next Tuesday at 9:00 AM. (644),0
URGENT! Your bank account requires immediate verification. Click the link NOW: http://scam.link/63268 to avoid suspension. Reply STOP to opt out.,1
"Click here for massive savings on your next purchase! Limited time offer, don't miss out! Link: http://deals.com/59786",1
I've attached the final report for the project. Please review it by end of day. (1083),0
Just a reminder that your appointment is set for next Tuesday at 9:00 AM. (533),0
URGENT! Your bank account requires immediate verification. Click the link NOW: http://scam.link/82847 to avoid suspension. Reply STOP to opt out.,1
URGENT! Your bank account requires immediate verification. Click the link NOW: http://scam.link/13754 to avoid suspension. Reply STOP to opt out.,1
Just a reminder that your appointment is set for next Tuesday at 9:00 AM. (603),0
Just a reminder that your appointment is set for next Tuesday at 9:00 AM. (465),0
URGENT! Your bank account requires immediate verification. Click the link NOW: http://scam.link/84441 to avoid suspension. Reply STOP to opt out.,1
"Hi, can we reschedule our meeting to 3 PM tomorrow? Let me know if that works for you. (788)",0
URGENT! Your bank account requires immediate verification. Click the link NOW: http://scam.link/87866 to avoid suspension. Reply STOP to opt out.,1
URGENT! Your bank account requires immediate verification. Click the link NOW: http://scam.link/44832 to avoid suspension. Reply STOP to opt out.,1
URGENT! Your bank account requires immediate verification. Click the link NOW: http://scam.link/51874 to avoid suspension. Reply STOP to opt out.,1
I've attached the final report for the project. Please review it by end of day. (60),0
URGENT! Your bank account requires immediate verification. Click the link NOW: http://scam.link/52946 to avoid suspension. Reply STOP to opt out.,1
"Click here for massive savings on your next purchase! Limited time offer, don't miss out! Link: http://deals.com/14255",1
"Hi, can we reschedule our meeting to 3 PM tomorrow? Let me know if that works for you. (92)",0
"Hi, can we reschedule our meeting to 3 PM tomorrow? Let me know if that works for you. (666)",0
"Hi, can we reschedule our meeting to 3 PM tomorrow? Let me know if that works for you. (1053)",0
URGENT! Your bank account requires immediate verification. Click the link NOW: http://scam.link/41822 to avoid suspension. Reply STOP to opt out.,1
Just a reminder that your appointment is set for next Tuesday at 9:00 AM. (194),0
Just a reminder that your appointment is set for next Tuesday at 9:00 AM. (280),0
I've attached the final report for the project. Please review it by end of day. (695),0
I've attached the final report for the project. Please review it by end of day. (994),0
"Hi, can we reschedule our meeting to 3 PM tomorrow? Let me know if that works for you. (359)",0
"Click here for massive savings on your next purchase! Limited time offer, don't miss out! Link: http://deals.com/77843",1
Just a reminder that your appointment is set for next Tuesday at 9:00 AM. (519),0
"Click here for massive savings on your next purchase! Limited time offer, don't miss out! Link: http://deals.com/86637",1
I've attached the final report for the project. Please review it by end of day. (1096),0
I've attached the final report for the project. Please review it by end of day. (1006),0
Just a reminder that your appointment is set for next Tuesday at 9:00 AM. (1063),0
"Hi, can we reschedule our meeting to 3 PM tomorrow? Let me know if that works for you. (847)",0
I've attached the final report for the project. Please review it by end of day. (182),0
"Click here for massive savings on your next purchase! Limited time offer, don't miss out! Link: http://deals.com/64237",1
URGENT! Your bank account requires immediate verification. Click the link NOW: http://scam.link/25317 to avoid suspension. Reply STOP to opt out.,1
Just a reminder that your appointment is set for next Tuesday at 9:00 AM. (110),0
URGENT! Your bank account requires immediate verification. Click the link NOW: http://scam.link/46455 to avoid suspension. Reply STOP to opt out.,1
URGENT! Your bank account requires immediate verification. Click the link NOW: http://scam.link/86589 to avoid suspension. Reply STOP to opt out.,1
URGENT! Your bank account requires immediate verification. Click the link NOW: http://scam.link/69379 to avoid suspension. Reply STOP to opt out.,1
Just a reminder that your appointment is set for next Tuesday at 9:00 AM. (42),0
"Hi, can we reschedule our meeting to 3 PM tomorrow? Let me know if that works for you. (746)",0
"Hi, can we reschedule our meeting to 3 PM tomorrow? Let me know if that works for you. (125)",0
I've attached the final report for the project. Please review it by end of day. (204),0
URGENT! Your bank account requires immediate verification. Click the link NOW: http://scam.link/29096 to avoid suspension. Reply STOP to opt out.,1
I've attached the final report for the project. Please review it by end of day. (52),0
URGENT! Your bank account requires immediate verification. Click the link NOW: http://scam.link/53408 to avoid suspension. Reply STOP to opt out.,1
I've attached the final report for the project. Please review it by end of day. (545),0
I've attached the final report for the project. Please review it by end of day. (68),0
"Click here for massive savings on your next purchase! Limited time offer, don't miss out! Link: http://deals.com/58756",1
URGENT! Your bank account requires immediate verification. Click the link NOW: http://scam.link/52874 to avoid suspension. Reply STOP to opt out.,1
Just a reminder that your appointment is set for next Tuesday at 9:00 AM. (507),0
"Click here for massive savings on your next purchase! Limited time offer, don't miss out! Link: http://deals.com/38138",1
Just a reminder that your appointment is set for next Tuesday at 9:00 AM. (329),0
URGENT! Your bank account requires immediate verification. Click the link NOW: http://scam.link/18706 to avoid suspension. Reply STOP to opt out.,1
"Hi, can we reschedule our meeting to 3 PM tomorrow? Let me know if that works for you. (183)",0
Just a reminder that your appointment is set for next Tuesday at 9:00 AM. (137),0
"Hi, can we reschedule our meeting to 3 PM tomorrow? Let me know if that works for you. (899)",0
"Hi, can we reschedule our meeting to 3 PM tomorrow? Let me know if that works for you. (796)",0
"Hi, can we reschedule our meeting to 3 PM tomorrow? Let me know if that works for you. (132)",0
Just a reminder that your appointment is set for next Tuesday at 9:00 AM. (80),0
URGENT! Your bank account requires immediate verification. Click the link NOW: http://scam.link/62233 to avoid suspension. Reply STOP to opt out.,1
I've attached the final report for the project. Please review it by end of day. (541),0
"Click here for massive savings on your next purchase! Limited time offer, don't miss out! Link: http://deals.com/91709",1
"Hi, can we reschedule our meeting to 3 PM tomorrow? Let me know if that works for you. (983)",0
"Hi, can we reschedule our meeting to 3 PM tomorrow? Let me know if that works for you. (165)",0
I've attached the final report for the project. Please review it by end of day. (248),0
I've attached the final report for the project. Please review it by end of day. (446),0
URGENT! Your bank account requires immediate verification. Click the link NOW: http://scam.link/88002 to avoid suspension. Reply STOP to opt out.,1
I've attached the final report for the project. Please review it by end of day. (858),0
Congratulations! You've won a FREE prize money of $10000. Text WINNER to 88888 to claim. Offer ends today!,1
Just a reminder that your appointment is set for next Tuesday at 9:00 AM. (97),0
URGENT! Your bank account requires immediate verification. Click the link NOW: http://scam.link/99709 to avoid suspension. Reply STOP to opt out.,1
"Hi, can we reschedule our meeting to 3 PM tomorrow? Let me know if that works for you. (737)",0
"Click here for massive savings on your next purchase! Limited time offer, don't miss out! Link: http://deals.com/78244",1
Just a reminder that your appointment is set for next Tuesday at 9:00 AM. (102),0
I've attached the final report for the project. Please review it by end of day. (434),0
I've attached the final report for the project. Please review it by end of day. (74),0
URGENT! Your bank account requires immediate verification. Click the link NOW: http://scam.link/59666 to avoid suspension. Reply STOP to opt out.,1
I've attached the final report for the project. Please review it by end of day. (1091),0
Just a reminder that your appointment is set for next Tuesday at 9:00 AM. (918),0
URGENT! Your bank account requires immediate verification. Click the link NOW: http://scam.link/86373 to avoid suspension. Reply STOP to opt out.,1
"Click here for massive savings on your next purchase! Limited time offer, don't miss out! Link: http://deals.com/57864",1
URGENT! Your bank account requires immediate verification. Click the link NOW: http://scam.link/91929 to avoid suspension. Reply STOP to opt out.,1
"Hi, can we reschedule our meeting to 3 PM tomorrow? Let me know if that works for you. (762)",0
I've attached the final report for the project. Please review it by end of day. (989),0
"Hi, can we reschedule our meeting to 3 PM tomorrow? Let me know if that works for you. (388)",0
I've attached the final report for the project. Please review it by end of day. (235),0
Just a reminder that your appointment is set for next Tuesday at 9:00 AM. (267),0
I've attached the final report for the project. Please review it by end of day. (1078),0
Just a reminder that your appointment is set for next Tuesday at 9:00 AM. (117),0
URGENT! Your bank account requires immediate verification. Click the link NOW: http://scam.link/46378 to avoid suspension. Reply STOP to opt out.,1
I've attached the final report for the project. Please review it by end of day. (673),0
Just a reminder that your appointment is set for next Tuesday at 9:00 AM. (249),0
"Click here for massive savings on your next purchase! Limited time offer, don't miss out! Link: http://deals.com/60192",1
"Hi, can we reschedule our meeting to 3 PM tomorrow? Let me know if that works for you. (94)",0
I've attached the final report for the project. Please review it by end of day. (33),0
URGENT! Your bank account requires immediate verification. Click the link NOW: http://scam.link/71929 to avoid suspension. Reply STOP to opt out.,1
URGENT! Your bank account requires immediate verification. Click the link NOW: http://scam.link/15782 to avoid suspension. Reply STOP to opt out.,1
Just a reminder that your appointment is set for next Tuesday at 9:00 AM. (448),0
I've attached the final report for the project. Please review it by end of day. (716),0
"Click here for massive savings on your next purchase! Limited time offer, don't miss out! Link: http://deals.com/89026",1
URGENT! Your bank account requires immediate verification. Click the link NOW: http://scam.link/65731 to avoid suspension. Reply STOP to opt out.,1
Just a reminder that your appointment is set for next Tuesday at 9:00 AM. (0),0
"Click here for massive savings on your next purchase! Limited time offer, don't miss out! Link: http://deals.com/66846",1
I've attached the final report for the project. Please review it by end of day. (82),0
"Click here for massive savings on your next purchase! Limited time offer, don't miss out! Link: http://deals.com/55500",1
"Hi, can we reschedule our meeting to 3 PM tomorrow? Let me know if that works for you. (676)",0
URGENT! Your bank account requires immediate verification. Click the link NOW: http://scam.link/92197 to avoid suspension. Reply STOP to opt out.,1
I've attached the final report for the project. Please review it by end of day. (1046),0
I've attached the final report for the project. Please review it by end of day. (770),0
URGENT! Your bank account requires immediate verification. Click the link NOW: http://scam.link/18329 to avoid suspension. Reply STOP to opt out.,1
URGENT! Your bank account requires immediate verification. Click the link NOW: http://scam.link/74077 to avoid suspension. Reply STOP to opt out.,1
URGENT! Your bank account requires immediate verification. Click the link NOW: http://scam.link/13712 to avoid suspension. Reply STOP to opt out.,1
URGENT! Your bank account requires immediate verification. Click the link NOW: http://scam.link/36589 to avoid suspension. Reply STOP to opt out.,1
I've attached the final report for the project. Please review it by end of day. (404),0
"Click here for massive savings on your next purchase! Limited time offer, don't miss out! Link: http://deals.com/24056",1
URGENT! Your bank account requires immediate verification. Click the link NOW: http://scam.link/67492 to avoid suspension. Reply STOP to opt out.,1
Just a reminder that your appointment is set for next Tuesday at 9:00 AM. (104),0
I've attached the final report for the project. Please review it by end of day. (688),0
URGENT! Your bank account requires immediate verification. Click the link NOW: http://scam.link/41419 to avoid suspension. Reply STOP to opt out.,1
Just a reminder that your appointment is set for next Tuesday at 9:00 AM. (826),0
I've attached the final report for the project. Please review it by end of day. (62),0
I've attached the final report for the project. Please review it by end of day. (852),0
URGENT! Your bank account requires immediate verification. Click the link NOW: http://scam.link/36035 to avoid suspension. Reply STOP to opt out.,1
I've attached the final report for the project. Please review it by end of day. (223),0
Just a reminder that your appointment is set for next Tuesday at 9:00 AM. (145),0
"Hi, can we reschedule our meeting to 3 PM tomorrow? Let me know if that works for you. (1088)",0
I've attached the final report for the project. Please review it by end of day. (373),0
URGENT! Your bank account requires immediate verification. Click the link NOW: http://scam.link/68762 to avoid suspension. Reply STOP to opt out.,1
"Click here for massive savings on your next purchase! Limited time offer, don't miss out! Link: http://deals.com/26184",1
"Click here for massive savings on your next purchase! Limited time offer, don't miss out! Link: http://deals.com/69474",1
"Click here for massive savings on your next purchase! Limited time offer, don't miss out! Link: http://deals.com/66088",1
URGENT! Your bank account requires immediate verification. Click the link NOW: http://scam.link/22857 to avoid suspension. Reply STOP to opt out.,1
Just a reminder that your appointment is set for next Tuesday at 9:00 AM. (9),0
"Hi, can we reschedule our meeting to 3 PM tomorrow? Let me know if that works for you. (449)",0
"Hi, can we reschedule our meeting to 3 PM tomorrow? Let me know if that works for you. (708)",0
Just a reminder that your appointment is set for next Tuesday at 9:00 AM. (255),0
"Hi, can we reschedule our meeting to 3 PM tomorrow? Let me know if that works for you. (882)",0
"Hi, can we reschedule our meeting to 3 PM tomorrow? Let me know if that works for you. (389)",0
I've attached the final report for the project. Please review it by end of day. (908),0
Just a reminder that your appointment is set for next Tuesday at 9:00 AM. (924),0
URGENT! Your bank account requires immediate verification. Click the link NOW: http://scam.link/53108 to avoid suspension. Reply STOP to opt out.,1
"Click here for massive savings on your next purchase! Limited time offer, don't miss out! Link: http://deals.com/62930",1
"Hi, can we reschedule our meeting to 3 PM tomorrow? Let me know if that works for you. (460)",0
"Click here for massive savings on your next purchase! Limited time offer, don't miss out! Link: http://deals.com/58770",1
"Hi, can we reschedule our meeting to 3 PM tomorrow? Let me know if that works for you. (958)",0
I've attached the final report for the project. Please review it by end of day. (501),0
I've attached the final report for the project. Please review it by end of day. (739),0
URGENT! Your bank account requires immediate verification. Click the link NOW: http://scam.link/90797 to avoid suspension. Reply STOP to opt out.,1
Just a reminder that your appointment is set for next Tuesday at 9:00 AM. (868),0
"Hi, can we reschedule our meeting to 3 PM tomorrow? Let me know if that works for you. (731)",0
I've attached the final report for the project. Please review it by end of day. (539),0
"Hi, can we reschedule our meeting to 3 PM tomorrow? Let me know if that works for you. (697)",0
"Click here for massive savings on your next purchase! Limited time offer, don't miss out! Link: http://deals.com/50846",1
"Click here for massive savings on your next purchase! Limited time offer, don't miss out! Link: http://deals.com/85054",1
Just a reminder that your appointment is set for next Tuesday at 9:00 AM. (1031),0
Just a reminder that your appointment is set for next Tuesday at 9:00 AM. (372),0
Just a reminder that your appointment is set for next Tuesday at 9:00 AM. (667),0
"Click here for massive savings on your next purchase! Limited time offer, don't miss out! Link: http://deals.com/40027",1
Just a reminder that your appointment is set for next Tuesday at 9:00 AM. (357),0
Just a reminder that your appointment is set for next Tuesday at 9:00 AM. (967),0
I've attached the final report for the project. Please review it by end of day. (783),0
"Hi, can we reschedule our meeting to 3 PM tomorrow? Let me know if that works for you. (735)",0
I've attached the final report for the project. Please review it by end of day. (1035),0
Just a reminder that your appointment is set for next Tuesday at 9:00 AM. (970),0
URGENT! Your bank account requires immediate verification. Click the link NOW: http://scam.link/26309 to avoid suspension. Reply STOP to opt out.,1
"Click here for massive savings on your next purchase! Limited time offer, don't miss out! Link: http://deals.com/39759",1
URGENT! Your bank account requires immediate verification. Click the link NOW: http://scam.link/90896 to avoid suspension. Reply STOP to opt out.,1
"Click here for massive savings on your next purchase! Limited time offer, don't miss out! Link: http://deals.com/49922",1
URGENT! Your bank account requires immediate verification. Click the link NOW: http://scam.link/33177 to avoid suspension. Reply STOP to opt out.,1
I've attached the final report for the project. Please review it by end of day. (885),0
I've attached the final report for the project. Please review it by end of day. (79),0
"Hi, can we reschedule our meeting to 3 PM tomorrow? Let me know if that works for you. (814)",0
URGENT! Your bank account requires immediate verification. Click the link NOW: http://scam.link/22342 to avoid suspension. Reply STOP to opt out.,1
Just a reminder that your appointment is set for next Tuesday at 9:00 AM. (671),0
"Click here for massive savings on your next purchase! Limited time offer, don't miss out! Link: http://deals.com/55241",1
"Hi, can we reschedule our meeting to 3 PM tomorrow? Let me know if that works for you. (57)",0
I've attached the final report for the project. Please review it by end of day. (133),0
URGENT! Your bank account requires immediate verification. Click the link NOW: http://scam.link/23224 to avoid suspension. Reply STOP to opt out.,1
Just a reminder that your appointment is set for next Tuesday at 9:00 AM. (933),0
"Click here for massive savings on your next purchase! Limited time offer, don't miss out! Link: http://deals.com/61112",1
I've attached the final report for the project. Please review it by end of day. (823),0
"Hi, can we reschedule our meeting to 3 PM tomorrow? Let me know if that works for you. (504)",0
"Click here for massive savings on your next purchase! Limited time offer, don't miss out! Link: http://deals.com/67941",1
I've attached the final report for the project. Please review it by end of day. (347),0
Just a reminder that your appointment is set for next Tuesday at 9:00 AM. (386),0
"Hi, can we reschedule our meeting to 3 PM tomorrow? Let me know if that works for you. (1024)",0
I've attached the final report for the project. Please review it by end of day. (894),0
I've attached the final report for the project. Please review it by end of day. (828),0
URGENT! Your bank account requires immediate verification. Click the link NOW: http://scam.link/39118 to avoid suspension. Reply STOP to opt out.,1
"Hi, can we reschedule our meeting to 3 PM tomorrow? Let me know if that works for you. (475)",0
URGENT! Your bank account requires immediate verification. Click the link NOW: http://scam.link/38602 to avoid suspension. Reply STOP to opt out.,1
URGENT! Your bank account requires immediate verification. Click the link NOW: http://scam.link/91958 to avoid suspension. Reply STOP to opt out.,1
I've attached the final report for the project. Please review it by end of day. (652),0
Just a reminder that your appointment is set for next Tuesday at 9:00 AM. (172),0
"Click here for massive savings on your next purchase! Limited time offer, don't miss out! Link: http://deals.com/85452",1
"Hi, can we reschedule our meeting to 3 PM tomorrow? Let me know if that works for you. (38)",0
I've attached the final report for the project. Please review it by end of day. (713),0
"Hi, can we reschedule our meeting to 3 PM tomorrow? Let me know if that works for you. (90)",0
"Click here for massive savings on your next purchase! Limited time offer, don't miss out! Link: http://deals.com/42602",1
Just a reminder that your appointment is set for next Tuesday at 9:00 AM. (875),0
"Click here for massive savings on your next purchase! Limited time offer, don't miss out! Link: http://deals.com/79626",1
I've attached the final report for the project. Please review it by end of day. (1093),0
"Click here for massive savings on your next purchase! Limited time offer, don't miss out! Link: http://deals.com/12079",1
"Click here for massive savings on your next purchase! Limited time offer, don't miss out! Link: http://deals.com/22182",1
URGENT! Your bank account requires immediate verification. Click the link NOW: http://scam.link/63330 to avoid suspension. Reply STOP to opt out.,1
Just a reminder that your appointment is set for next Tuesday at 9:00 AM. (499),0
"Hi, can we reschedule our meeting to 3 PM tomorrow? Let me know if that works for you. (338)",0
Just a reminder that your appointment is set for next Tuesday at 9:00 AM. (28),0
"Click here for massive savings on your next purchase! Limited time offer, don't miss out! Link: http://deals.com/46751",1
"Click here for massive savings on your next purchase! Limited time offer, don't miss out! Link: http://deals.com/20258",1
Just a reminder that your appointment is set for next Tuesday at 9:00 AM. (945),0
I've attached the final report for the project. Please review it by end of day. (169),0
"Hi, can we reschedule our meeting to 3 PM tomorrow? Let me know if that works for you. (912)",0
I've attached the final report for the project. Please review it by end of day. (491),0
Just a reminder that your appointment is set for next Tuesday at 9:00 AM. (953),0
"Hi, can we reschedule our meeting to 3 PM tomorrow? Let me know if that works for you. (1097)",0
"Hi, can we reschedule our meeting to 3 PM tomorrow? Let me know if that works for you. (1032)",0
"Hi, can we reschedule our meeting to 3 PM tomorrow? Let me know if that works for you. (587)",0
Just a reminder that your appointment is set for next Tuesday at 9:00 AM. (750),0
Just a reminder that your appointment is set for next Tuesday at 9:00 AM. (657),0
"Hi, can we reschedule our meeting to 3 PM tomorrow? Let me know if that works for you. (234)",0
I've attached the final report for the project. Please review it by end of day. (732),0
"Click here for massive savings on your next purchase! Limited time offer, don't miss out! Link: http://deals.com/43755",1
URGENT! Your bank account requires immediate verification. Click the link NOW: http://scam.link/96444 to avoid suspension. Reply STOP to opt out.,1
URGENT! Your bank account requires immediate verification. Click the link NOW: http://scam.link/23395 to avoid suspension. Reply STOP to opt out.,1
URGENT! Your bank account requires immediate verification. Click the link NOW: http://scam.link/27633 to avoid suspension. Reply STOP to opt out.,1
Just a reminder that your appointment is set for next Tuesday at 9:00 AM. (934),0
Just a reminder that your appointment is set for next Tuesday at 9:00 AM. (1065),0
"Hi, can we reschedule our meeting to 3 PM tomorrow? Let me know if that works for you. (108)",0
"Click here for massive savings on your next purchase! Limited time offer, don't miss out! Link: http://deals.com/43397",1
Just a reminder that your appointment is set for next Tuesday at 9:00 AM. (568),0
"Click here for massive savings on your next purchase! Limited time offer, don't miss out! Link: http://deals.com/40678",1
URGENT! Your bank account requires immediate verification. Click the link NOW: http://scam.link/96925 to avoid suspension. Reply STOP to opt out.,1
"Hi, can we reschedule our meeting to 3 PM tomorrow? Let me know if that works for you. (890)",0
Just a reminder that your appointment is set for next Tuesday at 9:00 AM. (947),0
Just a reminder that your appointment is set for next Tuesday at 9:00 AM. (1048),0
URGENT! Your bank account requires immediate verification. Click the link NOW: http://scam.link/44084 to avoid suspension. Reply STOP to opt out.,1
"Click here for massive savings on your next purchase! Limited time offer, don't miss out! Link: http://deals.com/45435",1
"Click here for massive savings on your next purchase! Limited time offer, don't miss out! Link: http://deals.com/82545",1
I've attached the final report for the project. Please review it by end of day. (884),0
"Click here for massive savings on your next purchase! Limited time offer, don't miss out! Link: http://deals.com/48067",1
I've attached the final report for the project. Please review it by end of day. (850),0
Just a reminder that your appointment is set for next Tuesday at 9:00 AM. (734),0
"Hi, can we reschedule our meeting to 3 PM tomorrow? Let me know if that works for you. (717)",0
"Hi, can we reschedule our meeting to 3 PM tomorrow? Let me know if that works for you. (454)",0
I've attached the final report for the project. Please review it by end of day. (264),0
I've attached the final report for the project. Please review it by end of day. (75),0
I've attached the final report for the project. Please review it by end of day. (444),0
I've attached the final report for the project. Please review it by end of day. (395),0
Just a reminder that your appointment is set for next Tuesday at 9:00 AM. (176),0
Just a reminder that your appointment is set for next Tuesday at 9:00 AM. (1042),0
URGENT! Your bank account requires immediate verification. Click the link NOW: http://scam.link/17099 to avoid suspension. Reply STOP to opt out.,1
"Click here for massive savings on your next purchase! Limited time offer, don't miss out! Link: http://deals.com/66979",1
"Click here for massive savings on your next purchase! Limited time offer, don't miss out! Link: http://deals.com/62393",1
"Hi, can we reschedule our meeting to 3 PM tomorrow? Let me know if that works for you. (595)",0
"Hi, can we reschedule our meeting to 3 PM tomorrow? Let me know if that works for you. (61)",0
"Hi, can we reschedule our meeting to 3 PM tomorrow? Let me know if that works for you. (872)",0
"Click here for massive savings on your next purchase! Limited time offer, don't miss out! Link: http://deals.com/72046",1
URGENT! Your bank account requires immediate verification. Click the link NOW: http://scam.link/93457 to avoid suspension. Reply STOP to opt out.,1
"Hi, can we reschedule our meeting to 3 PM tomorrow? Let me know if that works for you. (278)",0
Just a reminder that your appointment is set for next Tuesday at 9:00 AM. (36),0
"Click here for massive savings on your next purchase! Limited time offer, don't miss out! Link: http://deals.com/58689",1
"Hi, can we reschedule our meeting to 3 PM tomorrow? Let me know if that works for you. (662)",0
"Click here for massive savings on your next purchase! Limited time offer, don't miss out! Link: http://deals.com/33705",1
"Click here for massive savings on your next purchase! Limited time offer, don't miss out! Link: http://deals.com/76672",1
I've attached the final report for the project. Please review it by end of day. (977),0
"Click here for massive savings on your next purchase! Limited time offer, don't miss out! Link: http://deals.com/60138",1
I've attached the final report for the project. Please review it by end of day. (738),0
I've attached the final report for the project. Please review it by end of day. (191),0
Just a reminder that your appointment is set for next Tuesday at 9:00 AM. (919),0
I've attached the final report for the project. Please review it by end of day. (456),0
Just a reminder that your appointment is set for next Tuesday at 9:00 AM. (675),0
"Hi, can we reschedule our meeting to 3 PM tomorrow? Let me know if that works for you. (760)",0
URGENT! Your bank account requires immediate verification. Click the link NOW: http://scam.link/83445 to avoid suspension. Reply STOP to opt out.,1
"Hi, can we reschedule our meeting to 3 PM tomorrow? Let me know if that works for you. (728)",0
I've attached the final report for the project. Please review it by end of day. (412),0
I've attached the final report for the project. Please review it by end of day. (1098),0
Just a reminder that your appointment is set for next Tuesday at 9:00 AM. (825),0
URGENT! Your bank account requires immediate verification. Click the link NOW: http://scam.link/62269 to avoid suspension. Reply STOP to opt out.,1
Just a reminder that your appointment is set for next Tuesday at 9:00 AM. (616),0
"Hi, can we reschedule our meeting to 3 PM tomorrow? Let me know if that works for you. (114)",0
I've attached the final report for the project. Please review it by end of day. (417),0
URGENT! Your bank account requires immediate verification. Click the link NOW: http://scam.link/27071 to avoid suspension. Reply STOP to opt out.,1
I've attached the final report for the project. Please review it by end of day. (969),0
"Hi, can we reschedule our meeting to 3 PM tomorrow? Let me know if that works for you. (604)",0
"Click here for massive savings on your next purchase! Limited time offer, don't miss out! Link: http://deals.com/36170",1
"Hi, can we reschedule our meeting to 3 PM tomorrow? Let me know if that works for you. (89)",0
"Hi, can we reschedule our meeting to 3 PM tomorrow? Let me know if that works for you. (848)",0
URGENT! Your bank account requires immediate verification. Click the link NOW: http://scam.link/12356 to avoid suspension. Reply STOP to opt out.,1
"Click here for massive savings on your next purchase! Limited time offer, don't miss out! Link: http://deals.com/27862",1
"Hi, can we reschedule our meeting to 3 PM tomorrow? Let me know if that works for you. (753)",0
I've attached the final report for the project. Please review it by end of day. (498),0
Just a reminder that your appointment is set for next Tuesday at 9:00 AM. (11),0
I've attached the final report for the project. Please review it by end of day. (396),0
"Hi, can we reschedule our meeting to 3 PM tomorrow? Let me know if that works for you. (284)",0
"Hi, can we reschedule our meeting to 3 PM tomorrow? Let me know if that works for you. (1066)",0
URGENT! Your bank account requires immediate verification. Click the link NOW: http://scam.link/88411 to avoid suspension. Reply STOP to opt out.,1
Just a reminder that your appointment is set for next Tuesday at 9:00 AM. (690),0
URGENT! Your bank account requires immediate verification. Click the link NOW: http://scam.link/26014 to avoid suspension. Reply STOP to opt out.,1
URGENT! Your bank account requires immediate verification. Click the link NOW: http://scam.link/17521 to avoid suspension. Reply STOP to opt out.,1
"Hi, can we reschedule our meeting to 3 PM tomorrow? Let me know if that works for you. (689)",0
"Hi, can we reschedule our meeting to 3 PM tomorrow? Let me know if that works for you. (851)",0
Just a reminder that your appointment is set for next Tuesday at 9:00 AM. (159),0
I've attached the final report for the project. Please review it by end of day. (895),0
URGENT! Your bank account requires immediate verification. Click the link NOW: http://scam.link/36984 to avoid suspension. Reply STOP to opt out.,1
"Hi, can we reschedule our meeting to 3 PM tomorrow? Let me know if that works for you. (257)",0
"Hi, can we reschedule our meeting to 3 PM tomorrow? Let me know if that works for you. (335)",0
"Click here for massive savings on your next purchase! Limited time offer, don't miss out! Link: http://deals.com/22924",1
Just a reminder that your appointment is set for next Tuesday at 9:00 AM. (1039),0
"Hi, can we reschedule our meeting to 3 PM tomorrow? Let me know if that works for you. (515)",0
Just a reminder that your appointment is set for next Tuesday at 9:00 AM. (1015),0
"Hi, can we reschedule our meeting to 3 PM tomorrow? Let me know if that works for you. (768)",0
URGENT! Your bank account requires immediate verification. Click the link NOW: http://scam.link/93588 to avoid suspension. Reply STOP to opt out.,1
"Hi, can we reschedule our meeting to 3 PM tomorrow? Let me know if that works for you. (761)",0
"Click here for massive savings on your next purchase! Limited time offer, don't miss out! Link: http://deals.com/49974",1
"Click here for massive savings on your next purchase! Limited time offer, don't miss out! Link: http://deals.com/99599",1
URGENT! Your bank account requires immediate verification. Click the link NOW: http://scam.link/54413 to avoid suspension. Reply STOP to opt out.,1
URGENT! Your bank account requires immediate verification. Click the link NOW: http://scam.link/17368 to avoid suspension. Reply STOP to opt out.,1
"Hi, can we reschedule our meeting to 3 PM tomorrow? Let me know if that works for you. (521)",0
I've attached the final report for the project. Please review it by end of day. (22),0
"Hi, can we reschedule our meeting to 3 PM tomorrow? Let me know if that works for you. (356)",0
"Click here for massive savings on your next purchase! Limited time offer, don't miss out! Link: http://deals.com/75160",1
URGENT! Your bank account requires immediate verification. Click the link NOW: http://scam.link/21138 to avoid suspension. Reply STOP to opt out.,1
"Hi, can we reschedule our meeting to 3 PM tomorrow? Let me know if that works for you. (340)",0
Just a reminder that your appointment is set for next Tuesday at 9:00 AM. (431),0
"Hi, can we reschedule our meeting to 3 PM tomorrow? Let me know if that works for you. (473)",0
Just a reminder that your appointment is set for next Tuesday at 9:00 AM. (217),0
"Hi, can we reschedule our meeting to 3 PM tomorrow? Let me know if that works for you. (911)",0
"Click here for massive savings on your next purchase! Limited time offer, don't miss out! Link: http://deals.com/37935",1
URGENT! Your bank account requires immediate verification. Click the link NOW: http://scam.link/20106 to avoid suspension. Reply STOP to opt out.,1
I've attached the final report for the project. Please review it by end of day. (1011),0
URGENT! Your bank account requires immediate verification. Click the link NOW: http://scam.link/60939 to avoid suspension. Reply STOP to opt out.,1
Just a reminder that your appointment is set for next Tuesday at 9:00 AM. (93),0
Just a reminder that your appointment is set for next Tuesday at 9:00 AM. (1008),0
I've attached the final report for the project. Please review it by end of day. (1070),0
I've attached the final report for the project. Please review it by end of day. (1092),0
URGENT! Your bank account requires immediate verification. Click the link NOW: http://scam.link/60100 to avoid suspension. Reply STOP to opt out.,1
Just a reminder that your appointment is set for next Tuesday at 9:00 AM. (696),0
URGENT! Your bank account requires immediate verification. Click the link NOW: http://scam.link/48787 to avoid suspension. Reply STOP to opt out.,1
I've attached the final report for the project. Please review it by end of day. (996),0
Just a reminder that your appointment is set for next Tuesday at 9:00 AM. (153),0
Just a reminder that your appointment is set for next Tuesday at 9:00 AM. (1099),0
URGENT! Your bank account requires immediate verification. Click the link NOW: http://scam.link/69353 to avoid suspension. Reply STOP to opt out.,1
"Click here for massive savings on your next purchase! Limited time offer, don't miss out! Link: http://deals.com/95925",1
I've attached the final report for the project. Please review it by end of day. (789),0
"Hi, can we reschedule our meeting to 3 PM tomorrow? Let me know if that works for you. (580)",0
"Hi, can we reschedule our meeting to 3 PM tomorrow? Let me know if that works for you. (703)",0
URGENT! Your bank account requires immediate verification. Click the link NOW: http://scam.link/64912 to avoid suspension. Reply STOP to opt out.,1
"Click here for massive savings on your next purchase! Limited time offer, don't miss out! Link: http://deals.com/73620",1
URGENT! Your bank account requires immediate verification. Click the link NOW: http://scam.link/31447 to avoid suspension. Reply STOP to opt out.,1
"Click here for massive savings on your next purchase! Limited time offer, don't miss out! Link: http://deals.com/66638",1
"Hi, can we reschedule our meeting to 3 PM tomorrow? Let me know if that works for you. (487)",0
"Hi, can we reschedule our meeting to 3 PM tomorrow? Let me know if that works for you. (559)",0
"Click here for massive savings on your next purchase! Limited time offer, don't miss out! Link: http://deals.com/35150",1
URGENT! Your bank account requires immediate verification. Click the link NOW: http://scam.link/30609 to avoid suspension. Reply STOP to opt out.,1
I've attached the final report for the project. Please review it by end of day. (801),0
Just a reminder that your appointment is set for next Tuesday at 9:00 AM. (512),0
I've attached the final report for the project. Please review it by end of day. (633),0
URGENT! Your bank account requires immediate verification. Click the link NOW: http://scam.link/78916 to avoid suspension. Reply STOP to opt out.,1
URGENT! Your bank account requires immediate verification. Click the link NOW: http://scam.link/39725 to avoid suspension. Reply STOP to opt out.,1
URGENT! Your bank account requires immediate verification. Click the link NOW: http://scam.link/30806 to avoid suspension. Reply STOP to opt out.,1
"Hi, can we reschedule our meeting to 3 PM tomorrow? Let me know if that works for you. (790)",0
"Hi, can we reschedule our meeting to 3 PM tomorrow? Let me know if that works for you. (116)",0
I've attached the final report for the project. Please review it by end of day. (740),0
"Hi, can we reschedule our meeting to 3 PM tomorrow? Let me know if that works for you. (1081)",0
I've attached the final report for the project. Please review it by end of day. (830),0
I've attached the final report for the project. Please review it by end of day. (119),0
I've attached the final report for the project. Please review it by end of day. (656),0
"Click here for massive savings on your next purchase! Limited time offer, don't miss out! Link: http://deals.com/21116",1
"Hi, can we reschedule our meeting to 3 PM tomorrow? Let me know if that works for you. (635)",0
Just a reminder that your appointment is set for next Tuesday at 9:00 AM. (369),0
I've attached the final report for the project. Please review it by end of day. (268),0
I've attached the final report for the project. Please review it by end of day. (655),0
Just a reminder that your appointment is set for next Tuesday at 9:00 AM. (935),0
I've attached the final report for the project. Please review it by end of day. (822),0
"Hi, can we reschedule our meeting to 3 PM tomorrow? Let me know if that works for you. (866)",0
I've attached the final report for the project. Please review it by end of day. (46),0
"Click here for massive savings on your next purchase! Limited time offer, don't miss out! Link: http://deals.com/81229",1
Just a reminder that your appointment is set for next Tuesday at 9:00 AM. (991),0
"Hi, can we reschedule our meeting to 3 PM tomorrow? Let me know if that works for you. (876)",0
Just a reminder that your appointment is set for next Tuesday at 9:00 AM. (773),0
URGENT! Your bank account requires immediate verification. Click the link NOW: http://scam.link/59481 to avoid suspension. Reply STOP to opt out.,1
URGENT! Your bank account requires immediate verification. Click the link NOW: http://scam.link/96795 to avoid suspension. Reply STOP to opt out.,1
"Hi, can we reschedule our meeting to 3 PM tomorrow? Let me know if that works for you. (4)",0
Just a reminder that your appointment is set for next Tuesday at 9:00 AM. (1003),0
URGENT! Your bank account requires immediate verification. Click the link NOW: http://scam.link/63744 to avoid suspension. Reply STOP to opt out.,1
Just a reminder that your appointment is set for next Tuesday at 9:00 AM. (263),0
"Click here for massive savings on your next purchase! Limited time offer, don't miss out! Link: http://deals.com/25577",1
"Click here for massive savings on your next purchase! Limited time offer, don't miss out! Link: http://deals.com/40254",1
"Hi, can we reschedule our meeting to 3 PM tomorrow? Let me know if that works for you. (443)",0
Just a reminder that your appointment is set for next Tuesday at 9:00 AM. (1002),0
"Hi, can we reschedule our meeting to 3 PM tomorrow? Let me know if that works for you. (1077)",0
Just a reminder that your appointment is set for next Tuesday at 9:00 AM. (837),0
URGENT! Your bank account requires immediate verification. Click the link NOW: http://scam.link/65147 to avoid suspension. Reply STOP to opt out.,1
"Hi, can we reschedule our meeting to 3 PM tomorrow? Let me know if that works for you. (304)",0
"Click here for massive savings on your next purchase! Limited time offer, don't miss out! Link: http://deals.com/11058",1
I've attached the final report for the project. Please review it by end of day. (313),0
"Hi, can we reschedule our meeting to 3 PM tomorrow? Let me know if that works for you. (149)",0
URGENT! Your bank account requires immediate verification. Click the link NOW: http://scam.link/59840 to avoid suspension. Reply STOP to opt out.,1
URGENT! Your bank account requires immediate verification. Click the link NOW: http://scam.link/10060 to avoid suspension. Reply STOP to opt out.,1
I've attached the final report for the project. Please review it by end of day. (574),0
I've attached the final report for the project. Please review it by end of day. (50),0
"Click here for massive savings on your next purchase! Limited time offer, don't miss out! Link: http://deals.com/77278",1
"Hi, can we reschedule our meeting to 3 PM tomorrow? Let me know if that works for you. (726)",0
I've attached the final report for the project. Please review it by end of day. (833),0
"Click here for massive savings on your next purchase! Limited time offer, don't miss out! Link: http://deals.com/39486",1
URGENT! Your bank account requires immediate verification. Click the link NOW: http://scam.link/86534 to avoid suspension. Reply STOP to opt out.,1
Just a reminder that your appointment is set for next Tuesday at 9:00 AM. (470),0
"Hi, can we reschedule our meeting to 3 PM tomorrow? Let me know if that works for you. (971)",0
Just a reminder that your appointment is set for next Tuesday at 9:00 AM. (653),0
Just a reminder that your appointment is set for next Tuesday at 9:00 AM. (399),0
I've attached the final report for the project. Please review it by end of day. (511),0
"Hi, can we reschedule our meeting to 3 PM tomorrow? Let me know if that works for you. (320)",0
I've attached the final report for the project. Please review it by end of day. (19),0
"Hi, can we reschedule our meeting to 3 PM tomorrow? Let me know if that works for you. (684)",0
I've attached the final report for the project. Please review it by end of day. (35),0
I've attached the final report for the project. Please review it by end of day. (902),0
I've attached the final report for the project. Please review it by end of day. (827),0
URGENT! Your bank account requires immediate verification. Click the link NOW: http://scam.link/94899 to avoid suspension. Reply STOP to opt out.,1
I've attached the final report for the project. Please review it by end of day. (407),0
Just a reminder that your appointment is set for next Tuesday at 9:00 AM. (920),0
I've attached the final report for the project. Please review it by end of day. (537),0
Just a reminder that your appointment is set for next Tuesday at 9:00 AM. (758),0
Just a reminder that your appointment is set for next Tuesday at 9:00 AM. (1062),0
"Click here for massive savings on your next purchase! Limited time offer, don't miss out! Link: http://deals.com/71120",1
Just a reminder that your appointment is set for next Tuesday at 9:00 AM. (245),0
URGENT! Your bank account requires immediate verification. Click the link NOW: http://scam.link/70279 to avoid suspension. Reply STOP to opt out.,1
Just a reminder that your appointment is set for next Tuesday at 9:00 AM. (784),0
"Hi, can we reschedule our meeting to 3 PM tomorrow? Let me know if that works for you. (489)",0
"Hi, can we reschedule our meeting to 3 PM tomorrow? Let me know if that works for you. (154)",0
I've attached the final report for the project. Please review it by end of day. (961),0
"Hi, can we reschedule our meeting to 3 PM tomorrow? Let me know if that works for you. (853)",0
URGENT! Your bank account requires immediate verification. Click the link NOW: http://scam.link/30953 to avoid suspension. Reply STOP to opt out.,1
I've attached the final report for the project. Please review it by end of day. (625),0
"Hi, can we reschedule our meeting to 3 PM tomorrow? Let me know if that works for you. (685)",0
URGENT! Your bank account requires immediate verification. Click the link NOW: http://scam.link/51991 to avoid suspension. Reply STOP to opt out.,1
"Hi, can we reschedule our meeting to 3 PM tomorrow? Let me know if that works for you. (569)",0
"Click here for massive savings on your next purchase! Limited time offer, don't miss out! Link: http://deals.com/10282",1
I've attached the final report for the project. Please review it by end of day. (17),0
"Hi, can we reschedule our meeting to 3 PM tomorrow? Let me know if that works for you. (127)",0
"Click here for massive savings on your next purchase! Limited time offer, don't miss out! Link: http://deals.com/31804",1
"Click here for massive savings on your next purchase! Limited time offer, don't miss out! Link: http://deals.com/52520",1
URGENT! Your bank account requires immediate verification. Click the link NOW: http://scam.link/87175 to avoid suspension. Reply STOP to opt out.,1
"Hi, can we reschedule our meeting to 3 PM tomorrow? Let me know if that works for you. (927)",0
Just a reminder that your appointment is set for next Tuesday at 9:00 AM. (980),0
"Click here for massive savings on your next purchase! Limited time offer, don't miss out! Link: http://deals.com/66307",1
"Hi, can we reschedule our meeting to 3 PM tomorrow? Let me know if that works for you. (190)",0
URGENT! Your bank account requires immediate verification. Click the link NOW: http://scam.link/67545 to avoid suspension. Reply STOP to opt out.,1
I've attached the final report for the project. Please review it by end of day. (992),0
"Click here for massive savings on your next purchase! Limited time offer, don't miss out! Link: http://deals.com/93297",1
URGENT! Your bank account requires immediate verification. Click the link NOW: http://scam.link/84567 to avoid suspension. Reply STOP to opt out.,1
I've attached the final report for the project. Please review it by end of day. (606),0
"Hi, can we reschedule our meeting to 3 PM tomorrow? Let me know if that works for you. (180)",0
"Hi, can we reschedule our meeting to 3 PM tomorrow? Let me know if that works for you. (301)",0
I've attached the final report for the project. Please review it by end of day. (496),0
"Click here for massive savings on your next purchase! Limited time offer, don't miss out! Link: http://deals.com/44171",1
URGENT! Your bank account requires immediate verification. Click the link NOW: http://scam.link/90354 to avoid suspension. Reply STOP to opt out.,1
URGENT! Your bank account requires immediate verification. Click the link NOW: http://scam.link/82982 to avoid suspension. Reply STOP to opt out.,1
URGENT! Your bank account requires immediate verification. Click the link NOW: http://scam.link/99388 to avoid suspension. Reply STOP to opt out.,1
Just a reminder that your appointment is set for next Tuesday at 9:00 AM. (517),0
URGENT! Your bank account requires immediate verification. Click the link NOW: http://scam.link/56403 to avoid suspension. Reply STOP to opt out.,1
I've attached the final report for the project. Please review it by end of day. (1069),0
"Hi, can we reschedule our meeting to 3 PM tomorrow? Let me know if that works for you. (476)",0
"Hi, can we reschedule our meeting to 3 PM tomorrow? Let me know if that works for you. (157)",0
URGENT! Your bank account requires immediate verification. Click the link NOW: http://scam.link/17564 to avoid suspension. Reply STOP to opt out.,1
URGENT! Your bank account requires immediate verification. Click the link NOW: http://scam.link/57924 to avoid suspension. Reply STOP to opt out.,1
I've attached the final report for the project. Please review it by end of day. (16),0
Just a reminder that your appointment is set for next Tuesday at 9:00 AM. (1072),0
"Click here for massive savings on your next purchase! Limited time offer, don't miss out! Link: http://deals.com/81363",1
"Hi, can we reschedule our meeting to 3 PM tomorrow? Let me know if that works for you. (546)",0
Just a reminder that your appointment is set for next Tuesday at 9:00 AM. (658),0
"Click here for massive savings on your next purchase! Limited time offer, don't miss out! Link: http://deals.com/91571",1
Just a reminder that your appointment is set for next Tuesday at 9:00 AM. (1019),0
"Click here for massive savings on your next purchase! Limited time offer, don't miss out! Link: http://deals.com/58231",1
"Hi, can we reschedule our meeting to 3 PM tomorrow? Let me know if that works for you. (959)",0
"Click here for massive savings on your next purchase! Limited time offer, don't miss out! Link: http://deals.com/40651",1
I've attached the final report for the project. Please review it by end of day. (283),0
I've attached the final report for the project. Please review it by end of day. (797),0
"Click here for massive savings on your next purchase! Limited time offer, don't miss out! Link: http://deals.com/74174",1
I've attached the final report for the project. Please review it by end of day. (225),0
"Hi, can we reschedule our meeting to 3 PM tomorrow? Let me know if that works for you. (26)",0
"Click here for massive savings on your next purchase! Limited time offer, don't miss out! Link: http://deals.com/78099",1
"Hi, can we reschedule our meeting to 3 PM tomorrow? Let me know if that works for you. (437)",0
URGENT! Your bank account requires immediate verification. Click the link NOW: http://scam.link/63798 to avoid suspension. Reply STOP to opt out.,1
URGENT! Your bank account requires immediate verification. Click the link NOW: http://scam.link/80135 to avoid suspension. Reply STOP to opt out.,1
Just a reminder that your appointment is set for next Tuesday at 9:00 AM. (229),0
Just a reminder that your appointment is set for next Tuesday at 9:00 AM. (37),0
I've attached the final report for the project. Please review it by end of day. (749),0
I've attached the final report for the project. Please review it by end of day. (1045),0
URGENT! Your bank account requires immediate verification. Click the link NOW: http://scam.link/61886 to avoid suspension. Reply STOP to opt out.,1
Just a reminder that your appointment is set for next Tuesday at 9:00 AM. (469),0
"Click here for massive savings on your next purchase! Limited time offer, don't miss out! Link: http://deals.com/82146",1
URGENT! Your bank account requires immediate verification. Click the link NOW: http://scam.link/69711 to avoid suspension. Reply STOP to opt out.,1
"Hi, can we reschedule our meeting to 3 PM tomorrow? Let me know if that works for you. (687)",0
URGENT! Your bank account requires immediate verification. Click the link NOW: http://scam.link/36201 to avoid suspension. Reply STOP to opt out.,1
Just a reminder that your appointment is set for next Tuesday at 9:00 AM. (639),0
URGENT! Your bank account requires immediate verification. Click the link NOW: http://scam.link/71949 to avoid suspension. Reply STOP to opt out.,1
URGENT! Your bank account requires immediate verification. Click the link NOW: http://scam.link/45772 to avoid suspension. Reply STOP to opt out.,1
"Click here for massive savings on your next purchase! Limited time offer, don't miss out! Link: http://deals.com/28449",1
"Click here for massive savings on your next purchase! Limited time offer, don't miss out! Link: http://deals.com/20225",1
URGENT! Your bank account requires immediate verification. Click the link NOW: http://scam.link/20526 to avoid suspension. Reply STOP to opt out.,1
"Click here for massive savings on your next purchase! Limited time offer, don't miss out! Link: http://deals.com/28787",1
"Click here for massive savings on your next purchase! Limited time offer, don't miss out! Link: http://deals.com/16256",1
I've attached the final report for the project. Please review it by end of day. (800),0
Just a reminder that your appointment is set for next Tuesday at 9:00 AM. (160),0
I've attached the final report for the project. Please review it by end of day. (956),0
URGENT! Your bank account requires immediate verification. Click the link NOW: http://scam.link/38529 to avoid suspension. Reply STOP to opt out.,1
"Hi, can we reschedule our meeting to 3 PM tomorrow? Let me know if that works for you. (821)",0
"Click here for massive savings on your next purchase! Limited time offer, don't miss out! Link: http://deals.com/75428",1
I've attached the final report for the project. Please review it by end of day. (877),0
I've attached the final report for the project. Please review it by end of day. (913),0
Just a reminder that your appointment is set for next Tuesday at 9:00 AM. (152),0
"Click here for massive savings on your next purchase! Limited time offer, don't miss out! Link: http://deals.com/33284",1
"Hi, can we reschedule our meeting to 3 PM tomorrow? Let me know if that works for you. (509)",0
URGENT! Your bank account requires immediate verification. Click the link NOW: http://scam.link/63173 to avoid suspension. Reply STOP to opt out.,1
"Click here for massive savings on your next purchase! Limited time offer, don't miss out! Link: http://deals.com/20616",1
URGENT! Your bank account requires immediate verification. Click the link NOW: http://scam.link/92205 to avoid suspension. Reply STOP to opt out.,1
"Hi, can we reschedule our meeting to 3 PM tomorrow? Let me know if that works for you. (103)",0
"Click here for massive savings on your next purchase! Limited time offer, don't miss out! Link: http://deals.com/79967",1
"Click here for massive savings on your next purchase! Limited time offer, don't miss out! Link: http://deals.com/68348",1
Just a reminder that your appointment is set for next Tuesday at 9:00 AM. (586),0
URGENT! Your bank account requires immediate verification. Click the link NOW: http://scam.link/86971 to avoid suspension. Reply STOP to opt out.,1
"Click here for massive savings on your next purchase! Limited time offer, don't miss out! Link: http://deals.com/51914",1
"Hi, can we reschedule our meeting to 3 PM tomorrow? Let me know if that works for you. (53)",0
"Hi, can we reschedule our meeting to 3 PM tomorrow? Let me know if that works for you. (151)",0
Just a reminder that your appointment is set for next Tuesday at 9:00 AM. (403),0
"Click here for massive savings on your next purchase! Limited time offer, don't miss out! Link: http://deals.com/51814",1
Just a reminder that your appointment is set for next Tuesday at 9:00 AM. (207),0
URGENT! Your bank account requires immediate verification. Click the link NOW: http://scam.link/18472 to avoid suspension. Reply STOP to opt out.,1
"Click here for massive savings on your next purchase! Limited time offer, don't miss out! Link: http://deals.com/24153",1
"Click here for massive savings on your next purchase! Limited time offer, don't miss out! Link: http://deals.com/80067",1
Just a reminder that your appointment is set for next Tuesday at 9:00 AM. (8),0
I've attached the final report for the project. Please review it by end of day. (1014),0
"Click here for massive savings on your next purchase! Limited time offer, don't miss out! Link: http://deals.com/35498",1
Just a reminder that your appointment is set for next Tuesday at 9:00 AM. (1060),0
I've attached the final report for the project. Please review it by end of day. (452),0
"Hi, can we reschedule our meeting to 3 PM tomorrow? Let me know if that works for you. (253)",0
"Click here for massive savings on your next purchase! Limited time offer, don't miss out! Link: http://deals.com/91871",1
"Hi, can we reschedule our meeting to 3 PM tomorrow? Let me know if that works for you. (896)",0
URGENT! Your bank account requires immediate verification. Click the link NOW: http://scam.link/52080 to avoid suspension. Reply STOP to opt out.,1
Just a reminder that your appointment is set for next Tuesday at 9:00 AM. (880),0
"Click here for massive savings on your next purchase! Limited time offer, don't miss out! Link: http://deals.com/28708",1
"Hi, can we reschedule our meeting to 3 PM tomorrow? Let me know if that works for you. (623)",0
"Hi, can we reschedule our meeting to 3 PM tomorrow? Let me know if that works for you. (345)",0
"Click here for massive savings on your next purchase! Limited time offer, don't miss out! Link: http://deals.com/64823",1
Just a reminder that your appointment is set for next Tuesday at 9:00 AM. (262),0
"Click here for massive savings on your next purchase! Limited time offer, don't miss out! Link: http://deals.com/51846",1
URGENT! Your bank account requires immediate verification. Click the link NOW: http://scam.link/42779 to avoid suspension. Reply STOP to opt out.,1
I've attached the final report for the project. Please review it by end of day. (150),0
Just a reminder that your appointment is set for next Tuesday at 9:00 AM. (472),0
"Hi, can we reschedule our meeting to 3 PM tomorrow? Let me know if that works for you. (640)",0
URGENT! Your bank account requires immediate verification. Click the link NOW: http://scam.link/82692 to avoid suspension. Reply STOP to opt out.,1
"Click here for massive savings on your next purchase! Limited time offer, don't miss out! Link: http://deals.com/58777",1
"Hi, can we reschedule our meeting to 3 PM tomorrow? Let me know if that works for you. (550)",0
I've attached the final report for the project. Please review it by end of day. (928),0
Just a reminder that your appointment is set for next Tuesday at 9:00 AM. (488),0
URGENT! Your bank account requires immediate verification. Click the link NOW: http://scam.link/37766 to avoid suspension. Reply STOP to opt out.,1
"Click here for massive savings on your next purchase! Limited time offer, don't miss out! Link: http://deals.com/49986",1
Just a reminder that your appointment is set for next Tuesday at 9:00 AM. (146),0
URGENT! Your bank account requires immediate verification. Click the link NOW: http://scam.link/53732 to avoid suspension. Reply STOP to opt out.,1
Just a reminder that your appointment is set for next Tuesday at 9:00 AM. (402),0
I've attached the final report for the project. Please review it by end of day. (954),0
URGENT! Your bank account requires immediate verification. Click the link NOW: http://scam.link/77169 to avoid suspension. Reply STOP to opt out.,1
I've attached the final report for the project. Please review it by end of day. (659),0
URGENT! Your bank account requires immediate verification. Click the link NOW: http://scam.link/93847 to avoid suspension. Reply STOP to opt out.,1
"Hi, can we reschedule our meeting to 3 PM tomorrow? Let me know if that works for you. (463)",0
"Click here for massive savings on your next purchase! Limited time offer, don't miss out! Link: http://deals.com/56167",1
Just a reminder that your appointment is set for next Tuesday at 9:00 AM. (186),0
"Click here for massive savings on your next purchase! Limited time offer, don't miss out! Link: http://deals.com/80480",1
URGENT! Your bank account requires immediate verification. Click the link NOW: http://scam.link/77957 to avoid suspension. Reply STOP to opt out.,1
Just a reminder that your appointment is set for next Tuesday at 9:00 AM. (608),0
I've attached the final report for the project. Please review it by end of day. (143),0
"Hi, can we reschedule our meeting to 3 PM tomorrow? Let me know if that works for you. (751)",0
"Click here for massive savings on your next purchase! Limited time offer, don't miss out! Link: http://deals.com/59841",1
"Hi, can we reschedule our meeting to 3 PM tomorrow? Let me know if that works for you. (981)",0
Just a reminder that your appointment is set for next Tuesday at 9:00 AM. (197),0
"Hi, can we reschedule our meeting to 3 PM tomorrow? Let me know if that works for you. (883)",0
"Hi, can we reschedule our meeting to 3 PM tomorrow? Let me know if that works for you. (279)",0
"Hi, can we reschedule our meeting to 3 PM tomorrow? Let me know if that works for you. (293)",0
"Click here for massive savings on your next purchase! Limited time offer, don't miss out! Link: http://deals.com/86256",1
I've attached the final report for the project. Please review it by end of day. (400),0
I've attached the final report for the project. Please review it by end of day. (122),0
URGENT! Your bank account requires immediate verification. Click the link NOW: http://scam.link/69129 to avoid suspension. Reply STOP to opt out.,1
"Hi, can we reschedule our meeting to 3 PM tomorrow? Let me know if that works for you. (202)",0
"Click here for massive savings on your next purchase! Limited time offer, don't miss out! Link: http://deals.com/86666",1
Just a reminder that your appointment is set for next Tuesday at 9:00 AM. (835),0
Just a reminder that your appointment is set for next Tuesday at 9:00 AM. (246),0
URGENT! Your bank account requires immediate verification. Click the link NOW: http://scam.link/91889 to avoid suspension. Reply STOP to opt out.,1
URGENT! Your bank account requires immediate verification. Click the link NOW: http://scam.link/85939 to avoid suspension. Reply STOP to opt out.,1
"Click here for massive savings on your next purchase! Limited time offer, don't miss out! Link: http://deals.com/84071",1
"Click here for massive savings on your next purchase! Limited time offer, don't miss out! Link: http://deals.com/12482",1
URGENT! Your bank account requires immediate verification. Click the link NOW: http://scam.link/82460 to avoid suspension. Reply STOP to opt out.,1
Just a reminder that your appointment is set for next Tuesday at 9:00 AM. (384),0
URGENT! Your bank account requires immediate verification. Click the link NOW: http://scam.link/45144 to avoid suspension. Reply STOP to opt out.,1
"Hi, can we reschedule our meeting to 3 PM tomorrow? Let me know if that works for you. (854)",0
"Hi, can we reschedule our meeting to 3 PM tomorrow? Let me know if that works for you. (219)",0
"Hi, can we reschedule our meeting to 3 PM tomorrow? Let me know if that works for you. (641)",0
"Hi, can we reschedule our meeting to 3 PM tomorrow? Let me know if that works for you. (1)",0
"Hi, can we reschedule our meeting to 3 PM tomorrow? Let me know if that works for you. (112)",0
"Hi, can we reschedule our meeting to 3 PM tomorrow? Let me know if that works for you. (698)",0
"Click here for massive savings on your next purchase! Limited time offer, don't miss out! Link: http://deals.com/64400",1
"Hi, can we reschedule our meeting to 3 PM tomorrow? Let me know if that works for you. (951)",0
"Click here for massive savings on your next purchase! Limited time offer, don't miss out! Link: http://deals.com/58355",1
"Click here for massive savings on your next purchase! Limited time offer, don't miss out! Link: http://deals.com/75661",1
URGENT! Your bank account requires immediate verification. Click the link NOW: http://scam.link/45057 to avoid suspension. Reply STOP to opt out.,1
URGENT! Your bank account requires immediate verification. Click the link NOW: http://scam.link/52913 to avoid suspension. Reply STOP to opt out.,1
URGENT! Your bank account requires immediate verification. Click the link NOW: http://scam.link/75082 to avoid suspension. Reply STOP to opt out.,1
URGENT! Your bank account requires immediate verification. Click the link NOW: http://scam.link/88645 to avoid suspension. Reply STOP to opt out.,1
Just a reminder that your appointment is set for next Tuesday at 9:00 AM. (441),0
"Click here for massive savings on your next purchase! Limited time offer, don't miss out! Link: http://deals.com/34226",1
"Click here for massive savings on your next purchase! Limited time offer, don't miss out! Link: http://deals.com/49282",1
URGENT! Your bank account requires immediate verification. Click the link NOW: http://scam.link/99431 to avoid suspension. Reply STOP to opt out.,1
"Click here for massive savings on your next purchase! Limited time offer, don't miss out! Link: http://deals.com/44521",1
URGENT! Your bank account requires immediate verification. Click the link NOW: http://scam.link/45946 to avoid suspension. Reply STOP to opt out.,1
I've attached the final report for the project. Please review it by end of day. (663),0
URGENT! Your bank account requires immediate verification. Click the link NOW: http://scam.link/93820 to avoid suspension. Reply STOP to opt out.,1
"Click here for massive savings on your next purchase! Limited time offer, don't miss out! Link: http://deals.com/53001",1
"Click here for massive savings on your next purchase! Limited time offer, don't miss out! Link: http://deals.com/24571",1
I've attached the final report for the project. Please review it by end of day. (317),0
I've attached the final report for the project. Please review it by end of day. (648),0
URGENT! Your bank account requires immediate verification. Click the link NOW: http://scam.link/32443 to avoid suspension. Reply STOP to opt out.,1
URGENT! Your bank account requires immediate verification. Click the link NOW: http://scam.link/37213 to avoid suspension. Reply STOP to opt out.,1
Just a reminder that your appointment is set for next Tuesday at 9:00 AM. (709),0
URGENT! Your bank account requires immediate verification. Click the link NOW: http://scam.link/88339 to avoid suspension. Reply STOP to opt out.,1
"Click here for massive savings on your next purchase! Limited time offer, don't miss out! Link: http://deals.com/79669",1
Just a reminder that your appointment is set for next Tuesday at 9:00 AM. (972),0
I've attached the final report for the project. Please review it by end of day. (627),0
Just a reminder that your appointment is set for next Tuesday at 9:00 AM. (632),0
URGENT! Your bank account requires immediate verification. Click the link NOW: http://scam.link/11007 to avoid suspension. Reply STOP to opt out.,1
URGENT! Your bank account requires immediate verification. Click the link NOW: http://scam.link/19847 to avoid suspension. Reply STOP to opt out.,1
URGENT! Your bank account requires immediate verification. Click the link NOW: http://scam.link/74178 to avoid suspension. Reply STOP to opt out.,1
URGENT! Your bank account requires immediate verification. Click the link NOW: http://scam.link/71916 to avoid suspension. Reply STOP to opt out.,1
"Click here for massive savings on your next purchase! Limited time offer, don't miss out! Link: http://deals.com/32746",1
URGENT! Your bank account requires immediate verification. Click the link NOW: http://scam.link/45400 to avoid suspension. Reply STOP to opt out.,1
"Click here for massive savings on your next purchase! Limited time offer, don't miss out! Link: http://deals.com/19686",1
"Click here for massive savings on your next purchase! Limited time offer, don't miss out! Link: http://deals.com/62579",1
"Click here for massive savings on your next purchase! Limited time offer, don't miss out! Link: http://deals.com/88213",1
URGENT! Your bank account requires immediate verification. Click the link NOW: http://scam.link/59153 to avoid suspension. Reply STOP to opt out.,1
URGENT! Your bank account requires immediate verification. Click the link NOW: http://scam.link/59416 to avoid suspension. Reply STOP to opt out.,1
URGENT! Your bank account requires immediate verification. Click the link NOW: http://scam.link/12551 to avoid suspension. Reply STOP to opt out.,1
URGENT! Your bank account requires immediate verification. Click the link NOW: http://scam.link/55603 to avoid suspension. Reply STOP to opt out.,1
"Hi, can we reschedule our meeting to 3 PM tomorrow? Let me know if that works for you. (795)",0
Just a reminder that your appointment is set for next Tuesday at 9:00 AM. (645),0
"Hi, can we reschedule our meeting to 3 PM tomorrow? Let me know if that works for you. (1012)",0
"Click here for massive savings on your next purchase! Limited time offer, don't miss out! Link: http://deals.com/80553",1
"Hi, can we reschedule our meeting to 3 PM tomorrow? Let me know if that works for you. (556)",0
I've attached the final report for the project. Please review it by end of day. (681),0
I've attached the final report for the project. Please review it by end of day. (577),0
"Click here for massive savings on your next purchase! Limited time offer, don't miss out! Link: http://deals.com/81324",1
URGENT! Your bank account requires immediate verification. Click the link NOW: http://scam.link/65554 to avoid suspension. Reply STOP to opt out.,1
"Click here for massive savings on your next purchase! Limited time offer, don't miss out! Link: http://deals.com/27771",1
"Hi, can we reschedule our meeting to 3 PM tomorrow? Let me know if that works for you. (524)",0
Just a reminder that your appointment is set for next Tuesday at 9:00 AM. (1059),0
I've attached the final report for the project. Please review it by end of day. (540),0
URGENT! Your bank account requires immediate verification. Click the link NOW: http://scam.link/91182 to avoid suspension. Reply STOP to opt out.,1
"Hi, can we reschedule our meeting to 3 PM tomorrow? Let me know if that works for you. (748)",0
"Click here for massive savings on your next purchase! Limited time offer, don't miss out! Link: http://deals.com/29675",1
"Click here for massive savings on your next purchase! Limited time offer, don't miss out! Link: http://deals.com/99152",1
"Hi, can we reschedule our meeting to 3 PM tomorrow? Let me know if that works for you. (484)",0
"Hi, can we reschedule our meeting to 3 PM tomorrow? Let me know if that works for you. (95)",0
Just a reminder that your appointment is set for next Tuesday at 9:00 AM. (1020),0
Just a reminder that your appointment is set for next Tuesday at 9:00 AM. (563),0
URGENT! Your bank account requires immediate verification. Click the link NOW: http://scam.link/91470 to avoid suspension. Reply STOP to opt out.,1
Just a reminder that your appointment is set for next Tuesday at 9:00 AM. (742),0
Just a reminder that your appointment is set for next Tuesday at 9:00 AM. (863),0
URGENT! Your bank account requires immediate verification. Click the link NOW: http://scam.link/87794 to avoid suspension. Reply STOP to opt out.,1
URGENT! Your bank account requires immediate verification. Click the link NOW: http://scam.link/65754 to avoid suspension. Reply STOP to opt out.,1
"Hi, can we reschedule our meeting to 3 PM tomorrow? Let me know if that works for you. (891)",0
"Click here for massive savings on your next purchase! Limited time offer, don't miss out! Link: http://deals.com/99570",1
Just a reminder that your appointment is set for next Tuesday at 9:00 AM. (1038),0
I've attached the final report for the project. Please review it by end of day. (206),0
"Hi, can we reschedule our meeting to 3 PM tomorrow? Let me know if that works for you. (392)",0
I've attached the final report for the project. Please review it by end of day. (794),0
Just a reminder that your appointment is set for next Tuesday at 9:00 AM. (870),0
Just a reminder that your appointment is set for next Tuesday at 9:00 AM. (397),0
Just a reminder that your appointment is set for next Tuesday at 9:00 AM. (766),0
URGENT! Your bank account requires immediate verification. Click the link NOW: http://scam.link/52963 to avoid suspension. Reply STOP to opt out.,1
URGENT! Your bank account requires immediate verification. Click the link NOW: http://scam.link/54547 to avoid suspension. Reply STOP to opt out.,1
Just a reminder that your appointment is set for next Tuesday at 9:00 AM. (1028),0
I've attached the final report for the project. Please review it by end of day. (642),0
URGENT! Your bank account requires immediate verification. Click the link NOW: http://scam.link/16823 to avoid suspension. Reply STOP to opt out.,1
"Hi, can we reschedule our meeting to 3 PM tomorrow? Let me know if that works for you. (612)",0
"Hi, can we reschedule our meeting to 3 PM tomorrow? Let me know if that works for you. (960)",0
"Click here for massive savings on your next purchase! Limited time offer, don't miss out! Link: http://deals.com/35431",1
"Hi, can we reschedule our meeting to 3 PM tomorrow? Let me know if that works for you. (725)",0
"Hi, can we reschedule our meeting to 3 PM tomorrow? Let me know if that works for you. (683)",0
"Hi, can we reschedule our meeting to 3 PM tomorrow? Let me know if that works for you. (98)",0
I've attached the final report for the project. Please review it by end of day. (804),0
"Click here for massive savings on your next purchase! Limited time offer, don't miss out! Link: http://deals.com/94080",1
"Hi, can we reschedule our meeting to 3 PM tomorrow? Let me know if that works for you. (406)",0
Just a reminder that your appointment is set for next Tuesday at 9:00 AM. (502),0
"Hi, can we reschedule our meeting to 3 PM tomorrow? Let me know if that works for you. (1071)",0
"Hi, can we reschedule our meeting to 3 PM tomorrow? Let me know if that works for you. (1056)",0
I've attached the final report for the project. Please review it by end of day. (929),0
"Hi, can we reschedule our meeting to 3 PM tomorrow? Let me know if that works for you. (779)",0
"Hi, can we reschedule our meeting to 3 PM tomorrow? Let me know if that works for you. (200)",0
Just a reminder that your appointment is set for next Tuesday at 9:00 AM. (134),0
"Hi, can we reschedule our meeting to 3 PM tomorrow? Let me know if that works for you. (1051)",0
"Hi, can we reschedule our meeting to 3 PM tomorrow? Let me know if that works for you. (40)",0
"Hi, can we reschedule our meeting to 3 PM tomorrow? Let me know if that works for you. (1017)",0
Just a reminder that your appointment is set for next Tuesday at 9:00 AM. (230),0
URGENT! Your bank account requires immediate verification. Click the link NOW: http://scam.link/94416 to avoid suspension. Reply STOP to opt out.,1
"Hi, can we reschedule our meeting to 3 PM tomorrow? Let me know if that works for you. (378)",0
I've attached the final report for the project. Please review it by end of day. (288),0
Just a reminder that your appointment is set for next Tuesday at 9:00 AM. (418),0
Just a reminder that your appointment is set for next Tuesday at 9:00 AM. (391),0
I've attached the final report for the project. Please review it by end of day. (592),0
URGENT! Your bank account requires immediate verification. Click the link NOW: http://scam.link/83822 to avoid suspension. Reply STOP to opt out.,1
URGENT! Your bank account requires immediate verification. Click the link NOW: http://scam.link/62487 to avoid suspension. Reply STOP to opt out.,1
"Hi, can we reschedule our meeting to 3 PM tomorrow? Let me know if that works for you. (1086)",0
"Click here for massive savings on your next purchase! Limited time offer, don't miss out! Link: http://deals.com/29201",1
"Hi, can we reschedule our meeting to 3 PM tomorrow? Let me know if that works for you. (647)",0
URGENT! Your bank account requires immediate verification. Click the link NOW: http://scam.link/51949 to avoid suspension. Reply STOP to opt out.,1
URGENT! Your bank account requires immediate verification. Click the link NOW: http://scam.link/46877 to avoid suspension. Reply STOP to opt out.,1
"Hi, can we reschedule our meeting to 3 PM tomorrow? Let me know if that works for you. (520)",0
I've attached the final report for the project. Please review it by end of day. (64),0
I've attached the final report for the project. Please review it by end of day. (14),0
URGENT! Your bank account requires immediate verification. Click the link NOW: http://scam.link/33236 to avoid suspension. Reply STOP to opt out.,1
I've attached the final report for the project. Please review it by end of day. (1064),0
"Hi, can we reschedule our meeting to 3 PM tomorrow? Let me know if that works for you. (492)",0
Just a reminder that your appointment is set for next Tuesday at 9:00 AM. (379),0
Just a reminder that your appointment is set for next Tuesday at 9:00 AM. (187),0
I've attached the final report for the project. Please review it by end of day. (763),0
I've attached the final report for the project. Please review it by end of day. (216),0
Just a reminder that your appointment is set for next Tuesday at 9:00 AM. (791),0
Just a reminder that your appointment is set for next Tuesday at 9:00 AM. (1076),0
"Hi, can we reschedule our meeting to 3 PM tomorrow? Let me know if that works for you. (878)",0
I've attached the final report for the project. Please review it by end of day. (337),0
Just a reminder that your appointment is set for next Tuesday at 9:00 AM. (719),0
I've attached the final report for the project. Please review it by end of day. (295),0
I've attached the final report for the project. Please review it by end of day. (1016),0
URGENT! Your bank account requires immediate verification. Click the link NOW: http://scam.link/69720 to avoid suspension. Reply STOP to opt out.,1
"Click here for massive savings on your next purchase! Limited time offer, don't miss out! Link: http://deals.com/39371",1
Just a reminder that your appointment is set for next Tuesday at 9:00 AM. (455),0
URGENT! Your bank account requires immediate verification. Click the link NOW: http://scam.link/52752 to avoid suspension. Reply STOP to opt out.,1
"Hi, can we reschedule our meeting to 3 PM tomorrow? Let me know if that works for you. (815)",0
"Hi, can we reschedule our meeting to 3 PM tomorrow? Let me know if that works for you. (269)",0
I've attached the final report for the project. Please review it by end of day. (995),0
I've attached the final report for the project. Please review it by end of day. (201),0
Just a reminder that your appointment is set for next Tuesday at 9:00 AM. (161),0
URGENT! Your bank account requires immediate verification. Click the link NOW: http://scam.link/54857 to avoid suspension. Reply STOP to opt out.,1
I've attached the final report for the project. Please review it by end of day. (729),0
I've attached the final report for the project. Please review it by end of day. (401),0
"Hi, can we reschedule our meeting to 3 PM tomorrow? Let me know if that works for you. (702)",0
"Click here for massive savings on your next purchase! Limited time offer, don't miss out! Link: http://deals.com/10207",1
"Click here for massive savings on your next purchase! Limited time offer, don't miss out! Link: http://deals.com/65176",1
I've attached the final report for the project. Please review it by end of day. (565),0
"Click here for massive savings on your next purchase! Limited time offer, don't miss out! Link: http://deals.com/16570",1
I've attached the final report for the project. Please review it by end of day. (1021),0
I've attached the final report for the project. Please review it by end of day. (1025),0
URGENT! Your bank account requires immediate verification. Click the link NOW: http://scam.link/25398 to avoid suspension. Reply STOP to opt out.,1
"Click here for massive savings on your next purchase! Limited time offer, don't miss out! Link: http://deals.com/88815",1
URGENT! Your bank account requires immediate verification. Click the link NOW: http://scam.link/44016 to avoid suspension. Reply STOP to opt out.,1
Just a reminder that your appointment is set for next Tuesday at 9:00 AM. (205),0
Just a reminder that your appointment is set for next Tuesday at 9:00 AM. (34),0
I've attached the final report for the project. Please review it by end of day. (775),0
I've attached the final report for the project. Please review it by end of day. (508),0
URGENT! Your bank account requires immediate verification. Click the link NOW: http://scam.link/60115 to avoid suspension. Reply STOP to opt out.,1
"Click here for massive savings on your next purchase! Limited time offer, don't miss out! Link: http://deals.com/67993",1
"Click here for massive savings on your next purchase! Limited time offer, don't miss out! Link: http://deals.com/21240",1
URGENT! Your bank account requires immediate verification. Click the link NOW: http://scam.link/77649 to avoid suspension. Reply STOP to opt out.,1
"Hi, can we reschedule our meeting to 3 PM tomorrow? Let me know if that works for you. (91)",0
URGENT! Your bank account requires immediate verification. Click the link NOW: http://scam.link/74881 to avoid suspension. Reply STOP to opt out.,1
I've attached the final report for the project. Please review it by end of day. (897),0
Just a reminder that your appointment is set for next Tuesday at 9:00 AM. (564),0
"Click here for massive savings on your next purchase! Limited time offer, don't miss out! Link: http://deals.com/11560",1
Just a reminder that your appointment is set for next Tuesday at 9:00 AM. (776),0
"Hi, can we reschedule our meeting to 3 PM tomorrow? Let me know if that works for you. (241)",0
Just a reminder that your appointment is set for next Tuesday at 9:00 AM. (13),0
I've attached the final report for the project. Please review it by end of day. (315),0
"Hi, can we reschedule our meeting to 3 PM tomorrow? Let me know if that works for you. (600)",0
I've attached the final report for the project. Please review it by end of day. (387),0
"Click here for massive savings on your next purchase! Limited time offer, don't miss out! Link: http://deals.com/64302",1
I've attached the final report for the project. Please review it by end of day. (166),0
I've attached the final report for the project. Please review it by end of day. (840),0
"Hi, can we reschedule our meeting to 3 PM tomorrow? Let me know if that works for you. (20)",0
"Hi, can we reschedule our meeting to 3 PM tomorrow? Let me know if that works for you. (646)",0
"Click here for massive savings on your next purchase! Limited time offer, don't miss out! Link: http://deals.com/14895",1
"Click here for massive savings on your next purchase! Limited time offer, don't miss out! Link: http://deals.com/43719",1
URGENT! Your bank account requires immediate verification. Click the link NOW: http://scam.link/84270 to avoid suspension. Reply STOP to opt out.,1
I've attached the final report for the project. Please review it by end of day. (831),0
URGENT! Your bank account requires immediate verification. Click the link NOW: http://scam.link/83781 to avoid suspension. Reply STOP to opt out.,1
"Click here for massive savings on your next purchase! Limited time offer, don't miss out! Link: http://deals.com/97527",1
"Hi, can we reschedule our meeting to 3 PM tomorrow? Let me know if that works for you. (562)",0
URGENT! Your bank account requires immediate verification. Click the link NOW: http://scam.link/96661 to avoid suspension. Reply STOP to opt out.,1
Just a reminder that your appointment is set for next Tuesday at 9:00 AM. (686),0
"Hi, can we reschedule our meeting to 3 PM tomorrow? Let me know if that works for you. (957)",0
Just a reminder that your appointment is set for next Tuesday at 9:00 AM. (189),0
"Hi, can we reschedule our meeting to 3 PM tomorrow? Let me know if that works for you. (975)",0
I've attached the final report for the project. Please review it by end of day. (699),0
"Click here for massive savings on your next purchase! Limited time offer, don't miss out! Link: http://deals.com/35592",1
"Click here for massive savings on your next purchase! Limited time offer, don't miss out! Link: http://deals.com/31253",1
Just a reminder that your appointment is set for next Tuesday at 9:00 AM. (510),0
"Hi, can we reschedule our meeting to 3 PM tomorrow? Let me know if that works for you. (1082)",0
I've attached the final report for the project. Please review it by end of day. (474),0
URGENT! Your bank account requires immediate verification. Click the link NOW: http://scam.link/86295 to avoid suspension. Reply STOP to opt out.,1
I've attached the final report for the project. Please review it by end of day. (856),0
I've attached the final report for the project. Please review it by end of day. (747),0
Just a reminder that your appointment is set for next Tuesday at 9:00 AM. (252),0
"Hi, can we reschedule our meeting to 3 PM tomorrow? Let me know if that works for you. (21)",0
URGENT! Your bank account requires immediate verification. Click the link NOW: http://scam.link/15655 to avoid suspension. Reply STOP to opt out.,1
"Hi, can we reschedule our meeting to 3 PM tomorrow? Let me know if that works for you. (459)",0
URGENT! Your bank account requires immediate verification. Click the link NOW: http://scam.link/58285 to avoid suspension. Reply STOP to opt out.,1
Just a reminder that your appointment is set for next Tuesday at 9:00 AM. (276),0
I've attached the final report for the project. Please review it by end of day. (955),0
"Click here for massive savings on your next purchase! Limited time offer, don't miss out! Link: http://deals.com/55186",1
I've attached the final report for the project. Please review it by end of day. (385),0
Just a reminder that your appointment is set for next Tuesday at 9:00 AM. (805),0
URGENT! Your bank account requires immediate verification. Click the link NOW: http://scam.link/11177 to avoid suspension. Reply STOP to opt out.,1
"Click here for massive savings on your next purchase! Limited time offer, don't miss out! Link: http://deals.com/14437",1
"Hi, can we reschedule our meeting to 3 PM tomorrow? Let me know if that works for you. (343)",0
Just a reminder that your appointment is set for next Tuesday at 9:00 AM. (769),0
URGENT! Your bank account requires immediate verification. Click the link NOW: http://scam.link/92711 to avoid suspension. Reply STOP to opt out.,1
URGENT! Your bank account requires immediate verification. Click the link NOW: http://scam.link/16304 to avoid suspension. Reply STOP to opt out.,1
Just a reminder that your appointment is set for next Tuesday at 9:00 AM. (130),0
URGENT! Your bank account requires immediate verification. Click the link NOW: http://scam.link/43365 to avoid suspension. Reply STOP to opt out.,1
I've attached the final report for the project. Please review it by end of day. (871),0
"Click here for massive savings on your next purchase! Limited time offer, don't miss out! Link: http://deals.com/10814",1
URGENT! Your bank account requires immediate verification. Click the link NOW: http://scam.link/92495 to avoid suspension. Reply STOP to opt out.,1
"Hi, can we reschedule our meeting to 3 PM tomorrow? Let me know if that works for you. (87)",0
URGENT! Your bank account requires immediate verification. Click the link NOW: http://scam.link/42117 to avoid suspension. Reply STOP to opt out.,1
"Hi, can we reschedule our meeting to 3 PM tomorrow? Let me know if that works for you. (330)",0
"Click here for massive savings on your next purchase! Limited time offer, don't miss out! Link: http://deals.com/12983",1
"Hi, can we reschedule our meeting to 3 PM tomorrow? Let me know if that works for you. (466)",0
Just a reminder that your appointment is set for next Tuesday at 9:00 AM. (121),0
"Click here for massive savings on your next purchase! Limited time offer, don't miss out! Link: http://deals.com/16643",1
I've attached the final report for the project. Please review it by end of day. (1044),0
"Click here for massive savings on your next purchase! Limited time offer, don't miss out! Link: http://deals.com/62756",1
"Hi, can we reschedule our meeting to 3 PM tomorrow? Let me know if that works for you. (1095)",0
URGENT! Your bank account requires immediate verification. Click the link NOW: http://scam.link/54327 to avoid suspension. Reply STOP to opt out.,1
"Click here for massive savings on your next purchase! Limited time offer, don't miss out! Link: http://deals.com/12469",1
I've attached the final report for the project. Please review it by end of day. (860),0
URGENT! Your bank account requires immediate verification. Click the link NOW: http://scam.link/84172 to avoid suspension. Reply STOP to opt out.,1
"Click here for massive savings on your next purchase! Limited time offer, don't miss out! Link: http://deals.com/95451",1
